Results,Bus 01,Bus 01,Bus 01,Bus 02,Bus 02,Bus 02,Bus 03,Bus 03,Bus 03,Bus 04,Bus 04,Bus 04,Bus 05,Bus 05,Bus 05,Bus 06,Bus 06,Bus 06,Bus 07,Bus 07,Bus 07,Bus 08,Bus 08,Bus 08,Bus 09,Bus 09,Bus 09,Bus 10,Bus 10,Bus 10,Bus 11,Bus 11,Bus 11,Bus 12,Bus 12,Bus 12,Bus 13,Bus 13,Bus 13,Bus 14,Bus 14,Bus 14,Bus 15,Bus 15,Bus 15,Bus 16,Bus 16,Bus 16,Bus 17,Bus 17,Bus 17,Bus 18,Bus 18,Bus 18,Bus 19,Bus 19,Bus 19,Bus 20,Bus 20,Bus 20,Bus 21,Bus 21,Bus 21,Bus 22,Bus 22,Bus 22,Bus 23,Bus 23,Bus 23,Bus 24,Bus 24,Bus 24,Bus 25,Bus 25,Bus 25,Bus 26,Bus 26,Bus 26,Bus 27,Bus 27,Bus 27,Bus 28,Bus 28,Bus 28,Bus 29,Bus 29,Bus 29,Bus 30,Bus 30,Bus 30,Bus 31,Bus 31,Bus 31,Bus 32,Bus 32,Bus 32,Bus 33,Bus 33,Bus 33,Bus 34,Bus 34,Bus 34,Bus 35,Bus 35,Bus 35,Bus 36,Bus 36,Bus 36,Bus 37,Bus 37,Bus 37,Bus 38,Bus 38,Bus 38,Bus 39,Bus 39,Bus 39,G 01,G 02,G 03,G 04,G 05,G 08,G 09,G 10,G 01,G 02,G 03,G 04,G 05,G 08,G 09,G 10,Load 03,Load 04,Load 07,Load 08,Load 12,Load 15,Load 16,Load 18,Load 20,Load 21,Load 23,Load 24,Load 25,Load 26,Load 27,Load 28,Load 29,Load 31,Load 39,Load 03,Load 04,Load 07,Load 08,Load 12,Load 15,Load 16,Load 18,Load 20,Load 21,Load 23,Load 24,Load 25,Load 26,Load 27,Load 28,Load 29,Load 31,Load 39
"Time in s","u1, Magnitude in p.u.","Electrical Frequency in Hz","U, rel.Angle in deg","u1, Magnitude in p.u.","Electrical Frequency in Hz","U, rel.Angle in deg","u1, Magnitude in p.u.","Electrical Frequency in Hz","U, rel.Angle in deg","u1, Magnitude in p.u.","Electrical Frequency in Hz","U, rel.Angle in deg","u1, Magnitude in p.u.","Electrical Frequency in Hz","U, rel.Angle in deg","u1, Magnitude in p.u.","Electrical Frequency in Hz","U, rel.Angle in deg","u1, Magnitude in p.u.","Electrical Frequency in Hz","U, rel.Angle in deg","u1, Magnitude in p.u.","Electrical Frequency in Hz","U, rel.Angle in deg","u1, Magnitude in p.u.","Electrical Frequency in Hz","U, rel.Angle in deg","u1, Magnitude in p.u.","Electrical Frequency in Hz","U, rel.Angle in deg","u1, Magnitude in p.u.","Electrical Frequency in Hz","U, rel.Angle in deg","u1, Magnitude in p.u.","Electrical Frequency in Hz","U, rel.Angle in deg","u1, Magnitude in p.u.","Electrical Frequency in Hz","U, rel.Angle in deg","u1, Magnitude in p.u.","Electrical Frequency in Hz","U, rel.Angle in deg","u1, Magnitude in p.u.","Electrical Frequency in Hz","U, rel.Angle in deg","u1, Magnitude in p.u.","Electrical Frequency in Hz","U, rel.Angle in deg","u1, Magnitude in p.u.","Electrical Frequency in Hz","U, rel.Angle in deg","u1, Magnitude in p.u.","Electrical Frequency in Hz","U, rel.Angle in deg","u1, Magnitude in p.u.","Electrical Frequency in Hz","U, rel.Angle in deg","u1, Magnitude in p.u.","Electrical Frequency in Hz","U, rel.Angle in deg","u1, Magnitude in p.u.","Electrical Frequency in Hz","U, rel.Angle in deg","u1, Magnitude in p.u.","Electrical Frequency in Hz","U, rel.Angle in deg","u1, Magnitude in p.u.","Electrical Frequency in Hz","U, rel.Angle in deg","u1, Magnitude in p.u.","Electrical Frequency in Hz","U, rel.Angle in deg","u1, Magnitude in p.u.","Electrical Frequency in Hz","U, rel.Angle in deg","u1, Magnitude in p.u.","Electrical Frequency in Hz","U, rel.Angle in deg","u1, Magnitude in p.u.","Electrical Frequency in Hz","U, rel.Angle in deg","u1, Magnitude in p.u.","Electrical Frequency in Hz","U, rel.Angle in deg","u1, Magnitude in p.u.","Electrical Frequency in Hz","U, rel.Angle in deg","u1, Magnitude in p.u.","Electrical Frequency in Hz","U, rel.Angle in deg","u1, Magnitude in p.u.","Electrical Frequency in Hz","U, rel.Angle in deg","u1, Magnitude in p.u.","Electrical Frequency in Hz","U, rel.Angle in deg","u1, Magnitude in p.u.","Electrical Frequency in Hz","U, rel.Angle in deg","u1, Magnitude in p.u.","Electrical Frequency in Hz","U, rel.Angle in deg","u1, Magnitude in p.u.","Electrical Frequency in Hz","U, rel.Angle in deg","u1, Magnitude in p.u.","Electrical Frequency in Hz","U, rel.Angle in deg","u1, Magnitude in p.u.","Electrical Frequency in Hz","U, rel.Angle in deg","u1, Magnitude in p.u.","Electrical Frequency in Hz","U, rel.Angle in deg","u1, Magnitude in p.u.","Electrical Frequency in Hz","U, rel.Angle in deg","Speed in p.u.","Speed in p.u.","Speed in p.u.","Speed in p.u.","Speed in p.u.","Speed in p.u.","Speed in p.u.","Speed in p.u.","firel in deg","firel in deg","firel in deg","firel in deg","firel in deg","firel in deg","firel in deg","firel in deg","Total Active Power in MW","Total Active Power in MW","Total Active Power in MW","Total Active Power in MW","Total Active Power in MW","Total Active Power in MW","Total Active Power in MW","Total Active Power in MW","Total Active Power in MW","Total Active Power in MW","Total Active Power in MW","Total Active Power in MW","Total Active Power in MW","Total Active Power in MW","Total Active Power in MW","Total Active Power in MW","Total Active Power in MW","Total Active Power in MW","Total Active Power in MW","Total Reactive Power in Mvar","Total Reactive Power in Mvar","Total Reactive Power in Mvar","Total Reactive Power in Mvar","Total Reactive Power in Mvar","Total Reactive Power in Mvar","Total Reactive Power in Mvar","Total Reactive Power in Mvar","Total Reactive Power in Mvar","Total Reactive Power in Mvar","Total Reactive Power in Mvar","Total Reactive Power in Mvar","Total Reactive Power in Mvar","Total Reactive Power in Mvar","Total Reactive Power in Mvar","Total Reactive Power in Mvar","Total Reactive Power in Mvar","Total Reactive Power in Mvar","Total Reactive Power in Mvar"
0.000000,1.049431,60.000000,-7.361122,1.053541,60.000000,-4.984819,1.038509,60.000000,-7.513561,1.014809,60.000000,-8.418431,1.015250,60.000000,-7.559474,1.017135,60.000000,-6.980149,1.007760,60.000000,-8.887101,1.006832,60.000000,-9.316986,1.032682,60.000000,-9.046517,1.025403,60.000000,-4.748821,1.021568,60.000000,-5.507734,1.011373,60.000000,-5.469254,1.023325,60.000000,-5.338341,1.021904,60.000000,-6.704352,1.026077,60.000000,-6.755404,1.040657,60.000000,-5.385268,1.042630,60.000000,-6.367046,1.039992,60.000000,-7.181192,1.054456,60.000000,-0.802378,0.995187,60.000000,-1.680508,1.040364,60.000000,-3.260966,1.055231,60.000000,0.675524,1.050688,60.000000,0.501145,1.045590,60.000000,-5.279291,1.061415,60.000000,-3.746059,1.059794,60.000000,-4.791923,1.047051,60.000000,-6.532845,1.056666,60.000000,-1.672815,1.054939,60.000000,0.781358,1.047500,60.000000,-2.827688,0.982000,60.000000,-0.000000,0.983100,60.000000,2.349955,0.997200,60.000000,3.857337,1.012300,60.000000,2.950924,1.049630,60.000000,5.093842,1.063500,60.000000,7.495099,1.027800,60.000000,2.312208,1.026500,60.000000,7.089511,1.030000,60.000000,-8.796257,1.000000,1.000000,1.000000,1.000000,1.000000,1.000000,1.000000,1.000000,-42.642226,0.000000,5.266508,11.685834,3.989094,13.039518,20.310015,-38.263628,288.383297,447.800150,209.391350,467.503357,6.717002,286.592096,294.652499,141.504847,562.436988,245.394482,221.661074,276.382253,200.614467,124.488442,251.663684,184.493662,253.902685,8.239523,988.742731,2.149441,164.790455,75.230425,157.625653,78.812826,137.026846,28.927890,26.868009,92.246831,102.994034,75.767785,-82.574348,42.272334,15.225205,67.617823,24.718568,24.091648,4.119761,223.900075
0.020000,1.049431,60.000000,-7.361122,1.053541,60.000000,-4.984819,1.038509,60.000000,-7.513561,1.014809,60.000000,-8.418431,1.015250,60.000000,-7.559474,1.017135,60.000000,-6.980149,1.007760,60.000000,-8.887101,1.006832,60.000000,-9.316986,1.032682,60.000000,-9.046517,1.025403,60.000000,-4.748821,1.021568,60.000000,-5.507734,1.011373,60.000000,-5.469254,1.023325,60.000000,-5.338341,1.021904,60.000000,-6.704352,1.026077,60.000000,-6.755404,1.040657,60.000000,-5.385268,1.042630,60.000000,-6.367045,1.039992,60.000000,-7.181192,1.054456,60.000000,-0.802378,0.995187,60.000000,-1.680508,1.040364,60.000000,-3.260966,1.055231,60.000000,0.675524,1.050688,60.000000,0.501145,1.045590,60.000000,-5.279291,1.061415,60.000000,-3.746059,1.059794,60.000000,-4.791923,1.047051,60.000000,-6.532845,1.056666,60.000000,-1.672815,1.054939,60.000000,0.781358,1.047500,60.000000,-2.827688,0.982000,60.000000,0.000000,0.983100,60.000000,2.349955,0.997200,60.000000,3.857337,1.012300,60.000000,2.950924,1.049630,60.000000,5.093842,1.063500,60.000000,7.495099,1.027800,60.000000,2.312208,1.026500,60.000000,7.089511,1.030000,60.000000,-8.796257,1.000000,1.000000,1.000000,1.000000,1.000000,1.000000,1.000000,1.000000,-42.642226,0.000000,5.266508,11.685834,3.989094,13.039518,20.310015,-38.263628,288.383297,447.800150,209.391350,467.503357,6.717002,286.592096,294.652499,141.504847,562.436988,245.394482,221.661074,276.382253,200.614467,124.488442,251.663684,184.493662,253.902685,8.239523,988.742731,2.149441,164.790455,75.230425,157.625653,78.812826,137.026846,28.927890,26.868009,92.246831,102.994034,75.767785,-82.574348,42.272334,15.225205,67.617823,24.718568,24.091648,4.119761,223.900075
0.040000,1.049431,60.000000,-7.361122,1.053541,60.000000,-4.984819,1.038509,60.000000,-7.513561,1.014809,60.000000,-8.418431,1.015250,60.000000,-7.559474,1.017135,60.000000,-6.980149,1.007760,60.000000,-8.887101,1.006832,60.000000,-9.316986,1.032682,60.000000,-9.046517,1.025403,60.000000,-4.748821,1.021568,60.000000,-5.507734,1.011373,60.000000,-5.469254,1.023325,60.000000,-5.338341,1.021904,60.000000,-6.704352,1.026077,60.000000,-6.755404,1.040657,60.000000,-5.385268,1.042630,60.000000,-6.367045,1.039992,60.000000,-7.181192,1.054456,60.000000,-0.802378,0.995187,60.000000,-1.680508,1.040364,60.000000,-3.260966,1.055231,60.000000,0.675524,1.050688,60.000000,0.501145,1.045590,60.000000,-5.279291,1.061415,60.000000,-3.746059,1.059794,60.000000,-4.791923,1.047051,60.000000,-6.532845,1.056666,60.000000,-1.672815,1.054939,60.000000,0.781358,1.047500,60.000000,-2.827688,0.982000,60.000000,0.000000,0.983100,60.000000,2.349955,0.997200,60.000000,3.857337,1.012300,60.000000,2.950924,1.049630,60.000000,5.093842,1.063500,60.000000,7.495099,1.027800,60.000000,2.312208,1.026500,60.000000,7.089511,1.030000,60.000000,-8.796257,1.000000,1.000000,1.000000,1.000000,1.000000,1.000000,1.000000,1.000000,-42.642226,0.000000,5.266508,11.685834,3.989094,13.039518,20.310015,-38.263628,288.383297,447.800150,209.391350,467.503357,6.717002,286.592096,294.652499,141.504847,562.436988,245.394482,221.661074,276.382253,200.614467,124.488442,251.663684,184.493662,253.902685,8.239523,988.742731,2.149441,164.790455,75.230425,157.625653,78.812826,137.026846,28.927890,26.868009,92.246831,102.994034,75.767785,-82.574348,42.272334,15.225205,67.617823,24.718568,24.091648,4.119761,223.900075
0.060000,1.049431,60.000000,-7.361122,1.053541,60.000000,-4.984819,1.038509,60.000000,-7.513561,1.014809,60.000000,-8.418431,1.015250,60.000000,-7.559474,1.017135,60.000000,-6.980149,1.007760,60.000000,-8.887101,1.006832,60.000000,-9.316986,1.032682,60.000000,-9.046517,1.025403,60.000000,-4.748821,1.021568,60.000000,-5.507734,1.011373,60.000000,-5.469254,1.023325,60.000000,-5.338341,1.021904,60.000000,-6.704352,1.026077,60.000000,-6.755404,1.040657,60.000000,-5.385268,1.042630,60.000000,-6.367045,1.039992,60.000000,-7.181192,1.054456,60.000000,-0.802378,0.995187,60.000000,-1.680508,1.040364,60.000000,-3.260966,1.055231,60.000000,0.675524,1.050688,60.000000,0.501145,1.045590,60.000000,-5.279291,1.061415,60.000000,-3.746059,1.059794,60.000000,-4.791923,1.047051,60.000000,-6.532845,1.056666,60.000000,-1.672815,1.054939,60.000000,0.781358,1.047500,60.000000,-2.827688,0.982000,60.000000,0.000000,0.983100,60.000000,2.349955,0.997200,60.000000,3.857337,1.012300,60.000000,2.950924,1.049630,60.000000,5.093842,1.063500,60.000000,7.495099,1.027800,60.000000,2.312208,1.026500,60.000000,7.089511,1.030000,60.000000,-8.796257,1.000000,1.000000,1.000000,1.000000,1.000000,1.000000,1.000000,1.000000,-42.642226,0.000000,5.266508,11.685834,3.989094,13.039518,20.310015,-38.263628,288.383297,447.800150,209.391350,467.503357,6.717002,286.592096,294.652499,141.504847,562.436988,245.394482,221.661074,276.382253,200.614467,124.488442,251.663684,184.493662,253.902685,8.239523,988.742731,2.149441,164.790455,75.230425,157.625653,78.812826,137.026846,28.927890,26.868009,92.246831,102.994034,75.767785,-82.574348,42.272334,15.225205,67.617823,24.718568,24.091648,4.119761,223.900075
0.080000,1.049431,60.000000,-7.361122,1.053541,60.000000,-4.984819,1.038509,60.000000,-7.513561,1.014809,60.000000,-8.418431,1.015250,60.000000,-7.559474,1.017135,60.000000,-6.980149,1.007760,60.000000,-8.887101,1.006832,60.000000,-9.316986,1.032682,60.000000,-9.046517,1.025403,60.000000,-4.748821,1.021568,60.000000,-5.507734,1.011373,60.000000,-5.469254,1.023325,60.000000,-5.338341,1.021904,60.000000,-6.704352,1.026077,60.000000,-6.755404,1.040657,60.000000,-5.385268,1.042630,60.000000,-6.367045,1.039992,60.000000,-7.181192,1.054456,60.000000,-0.802378,0.995187,60.000000,-1.680508,1.040364,60.000000,-3.260966,1.055231,60.000000,0.675524,1.050688,60.000000,0.501145,1.045590,60.000000,-5.279291,1.061415,60.000000,-3.746059,1.059794,60.000000,-4.791923,1.047051,60.000000,-6.532845,1.056666,60.000000,-1.672815,1.054939,60.000000,0.781358,1.047500,60.000000,-2.827688,0.982000,60.000000,0.000000,0.983100,60.000000,2.349955,0.997200,60.000000,3.857337,1.012300,60.000000,2.950924,1.049630,60.000000,5.093842,1.063500,60.000000,7.495099,1.027800,60.000000,2.312208,1.026500,60.000000,7.089511,1.030000,60.000000,-8.796257,1.000000,1.000000,1.000000,1.000000,1.000000,1.000000,1.000000,1.000000,-42.642226,0.000000,5.266508,11.685834,3.989094,13.039518,20.310015,-38.263628,288.383297,447.800150,209.391350,467.503357,6.717002,286.592096,294.652499,141.504847,562.436988,245.394482,221.661074,276.382253,200.614467,124.488442,251.663684,184.493662,253.902685,8.239523,988.742731,2.149441,164.790455,75.230425,157.625653,78.812826,137.026846,28.927890,26.868009,92.246831,102.994034,75.767785,-82.574348,42.272334,15.225205,67.617823,24.718568,24.091648,4.119761,223.900075
0.100000,1.049431,60.000000,-7.361122,1.053541,60.000000,-4.984819,1.038509,60.000000,-7.513561,1.014809,60.000000,-8.418431,1.015250,60.000000,-7.559474,1.017135,60.000000,-6.980149,1.007760,60.000000,-8.887101,1.006832,60.000000,-9.316986,1.032682,60.000000,-9.046517,1.025403,60.000000,-4.748821,1.021568,60.000000,-5.507734,1.011373,60.000000,-5.469254,1.023325,60.000000,-5.338341,1.021904,60.000000,-6.704352,1.026077,60.000000,-6.755404,1.040657,60.000000,-5.385268,1.042630,60.000000,-6.367045,1.039992,60.000000,-7.181192,1.054456,60.000000,-0.802378,0.995187,60.000000,-1.680508,1.040364,60.000000,-3.260966,1.055231,60.000000,0.675524,1.050688,60.000000,0.501145,1.045590,60.000000,-5.279291,1.061415,60.000000,-3.746059,1.059794,60.000000,-4.791923,1.047051,60.000000,-6.532845,1.056666,60.000000,-1.672815,1.054939,60.000000,0.781358,1.047500,60.000000,-2.827688,0.982000,60.000000,0.000000,0.983100,60.000000,2.349955,0.997200,60.000000,3.857337,1.012300,60.000000,2.950924,1.049630,60.000000,5.093842,1.063500,60.000000,7.495099,1.027800,60.000000,2.312208,1.026500,60.000000,7.089511,1.030000,60.000000,-8.796257,1.000000,1.000000,1.000000,1.000000,1.000000,1.000000,1.000000,1.000000,-42.642226,0.000000,5.266508,11.685834,3.989094,13.039518,20.310015,-38.263628,288.383297,447.800150,209.391350,467.503357,6.717002,286.592096,294.652499,141.504847,562.436988,245.394482,221.661074,276.382253,200.614467,124.488442,251.663684,184.493662,253.902685,8.239523,988.742731,2.149441,164.790455,75.230425,157.625653,78.812826,137.026846,28.927890,26.868009,92.246831,102.994034,75.767785,-82.574348,42.272334,15.225205,67.617823,24.718568,24.091648,4.119761,223.900075
0.120000,1.049431,60.000000,-7.361122,1.053541,60.000000,-4.984819,1.038509,60.000000,-7.513561,1.014809,60.000000,-8.418431,1.015250,60.000000,-7.559474,1.017135,60.000000,-6.980149,1.007760,60.000000,-8.887101,1.006832,60.000000,-9.316986,1.032682,60.000000,-9.046517,1.025403,60.000000,-4.748821,1.021568,60.000000,-5.507734,1.011373,60.000000,-5.469254,1.023325,60.000000,-5.338341,1.021904,60.000000,-6.704352,1.026077,60.000000,-6.755404,1.040657,60.000000,-5.385268,1.042630,60.000000,-6.367045,1.039992,60.000000,-7.181192,1.054456,60.000000,-0.802378,0.995187,60.000000,-1.680508,1.040364,60.000000,-3.260966,1.055231,60.000000,0.675524,1.050688,60.000000,0.501145,1.045590,60.000000,-5.279291,1.061415,60.000000,-3.746059,1.059794,60.000000,-4.791923,1.047051,60.000000,-6.532845,1.056666,60.000000,-1.672815,1.054939,60.000000,0.781358,1.047500,60.000000,-2.827688,0.982000,60.000000,0.000000,0.983100,60.000000,2.349955,0.997200,60.000000,3.857337,1.012300,60.000000,2.950924,1.049630,60.000000,5.093842,1.063500,60.000000,7.495099,1.027800,60.000000,2.312208,1.026500,60.000000,7.089511,1.030000,60.000000,-8.796257,1.000000,1.000000,1.000000,1.000000,1.000000,1.000000,1.000000,1.000000,-42.642226,0.000000,5.266508,11.685834,3.989094,13.039518,20.310015,-38.263628,288.383297,447.800150,209.391350,467.503357,6.717002,286.592096,294.652499,141.504847,562.436988,245.394482,221.661074,276.382253,200.614467,124.488442,251.663684,184.493662,253.902685,8.239523,988.742731,2.149441,164.790455,75.230425,157.625653,78.812826,137.026846,28.927890,26.868009,92.246831,102.994034,75.767785,-82.574348,42.272334,15.225205,67.617823,24.718568,24.091648,4.119761,223.900075
0.140000,1.049431,60.000000,-7.361122,1.053541,60.000000,-4.984819,1.038509,60.000000,-7.513561,1.014809,60.000000,-8.418431,1.015250,60.000000,-7.559474,1.017135,60.000000,-6.980149,1.007760,60.000000,-8.887101,1.006832,60.000000,-9.316986,1.032682,60.000000,-9.046517,1.025403,60.000000,-4.748821,1.021568,60.000000,-5.507734,1.011373,60.000000,-5.469254,1.023325,60.000000,-5.338341,1.021904,60.000000,-6.704352,1.026077,60.000000,-6.755404,1.040657,60.000000,-5.385268,1.042630,60.000000,-6.367045,1.039992,60.000000,-7.181192,1.054456,60.000000,-0.802378,0.995187,60.000000,-1.680508,1.040364,60.000000,-3.260966,1.055231,60.000000,0.675524,1.050688,60.000000,0.501145,1.045590,60.000000,-5.279291,1.061415,60.000000,-3.746059,1.059794,60.000000,-4.791923,1.047051,60.000000,-6.532845,1.056666,60.000000,-1.672815,1.054939,60.000000,0.781358,1.047500,60.000000,-2.827688,0.982000,60.000000,0.000000,0.983100,60.000000,2.349955,0.997200,60.000000,3.857337,1.012300,60.000000,2.950924,1.049630,60.000000,5.093842,1.063500,60.000000,7.495099,1.027800,60.000000,2.312208,1.026500,60.000000,7.089511,1.030000,60.000000,-8.796257,1.000000,1.000000,1.000000,1.000000,1.000000,1.000000,1.000000,1.000000,-42.642226,0.000000,5.266508,11.685834,3.989094,13.039518,20.310015,-38.263628,288.383297,447.800150,209.391350,467.503357,6.717002,286.592096,294.652499,141.504847,562.436988,245.394482,221.661074,276.382253,200.614467,124.488442,251.663684,184.493662,253.902685,8.239523,988.742731,2.149441,164.790455,75.230425,157.625653,78.812826,137.026846,28.927890,26.868009,92.246831,102.994034,75.767785,-82.574348,42.272334,15.225205,67.617823,24.718568,24.091648,4.119761,223.900075
0.160000,1.049431,60.000000,-7.361122,1.053541,60.000000,-4.984819,1.038509,60.000000,-7.513561,1.014809,60.000000,-8.418431,1.015250,60.000000,-7.559474,1.017135,60.000000,-6.980149,1.007760,60.000000,-8.887101,1.006832,60.000000,-9.316986,1.032682,60.000000,-9.046517,1.025403,60.000000,-4.748821,1.021568,60.000000,-5.507734,1.011373,60.000000,-5.469254,1.023325,60.000000,-5.338341,1.021904,60.000000,-6.704352,1.026077,60.000000,-6.755404,1.040657,60.000000,-5.385268,1.042630,60.000000,-6.367045,1.039992,60.000000,-7.181192,1.054456,60.000000,-0.802378,0.995187,60.000000,-1.680508,1.040364,60.000000,-3.260966,1.055231,60.000000,0.675524,1.050688,60.000000,0.501145,1.045590,60.000000,-5.279291,1.061415,60.000000,-3.746059,1.059794,60.000000,-4.791923,1.047051,60.000000,-6.532845,1.056666,60.000000,-1.672815,1.054939,60.000000,0.781358,1.047500,60.000000,-2.827688,0.982000,60.000000,0.000000,0.983100,60.000000,2.349955,0.997200,60.000000,3.857337,1.012300,60.000000,2.950924,1.049630,60.000000,5.093842,1.063500,60.000000,7.495099,1.027800,60.000000,2.312208,1.026500,60.000000,7.089511,1.030000,60.000000,-8.796257,1.000000,1.000000,1.000000,1.000000,1.000000,1.000000,1.000000,1.000000,-42.642226,0.000000,5.266508,11.685834,3.989094,13.039518,20.310015,-38.263628,288.383297,447.800150,209.391350,467.503357,6.717002,286.592096,294.652499,141.504847,562.436988,245.394482,221.661074,276.382253,200.614467,124.488442,251.663684,184.493662,253.902685,8.239523,988.742731,2.149441,164.790455,75.230425,157.625653,78.812826,137.026846,28.927890,26.868009,92.246831,102.994034,75.767785,-82.574348,42.272334,15.225205,67.617823,24.718568,24.091648,4.119761,223.900075
0.180000,1.049431,60.000000,-7.361122,1.053541,60.000000,-4.984819,1.038509,60.000000,-7.513561,1.014809,60.000000,-8.418431,1.015250,60.000000,-7.559474,1.017135,60.000000,-6.980149,1.007760,60.000000,-8.887101,1.006832,60.000000,-9.316986,1.032682,60.000000,-9.046517,1.025403,60.000000,-4.748821,1.021568,60.000000,-5.507734,1.011373,60.000000,-5.469254,1.023325,60.000000,-5.338341,1.021904,60.000000,-6.704352,1.026077,60.000000,-6.755404,1.040657,60.000000,-5.385268,1.042630,60.000000,-6.367045,1.039992,60.000000,-7.181192,1.054456,60.000000,-0.802378,0.995187,60.000000,-1.680508,1.040364,60.000000,-3.260966,1.055231,60.000000,0.675524,1.050688,60.000000,0.501145,1.045590,60.000000,-5.279291,1.061415,60.000000,-3.746059,1.059794,60.000000,-4.791923,1.047051,60.000000,-6.532845,1.056666,60.000000,-1.672815,1.054939,60.000000,0.781358,1.047500,60.000000,-2.827688,0.982000,60.000000,0.000000,0.983100,60.000000,2.349955,0.997200,60.000000,3.857337,1.012300,60.000000,2.950924,1.049630,60.000000,5.093842,1.063500,60.000000,7.495099,1.027800,60.000000,2.312208,1.026500,60.000000,7.089511,1.030000,60.000000,-8.796257,1.000000,1.000000,1.000000,1.000000,1.000000,1.000000,1.000000,1.000000,-42.642226,0.000000,5.266508,11.685834,3.989094,13.039518,20.310015,-38.263628,288.383297,447.800150,209.391350,467.503357,6.717002,286.592096,294.652499,141.504847,562.436988,245.394482,221.661074,276.382253,200.614467,124.488442,251.663684,184.493662,253.902685,8.239523,988.742731,2.149441,164.790455,75.230425,157.625653,78.812826,137.026846,28.927890,26.868009,92.246831,102.994034,75.767785,-82.574348,42.272334,15.225205,67.617823,24.718568,24.091648,4.119761,223.900075
0.200000,1.049431,60.000000,-7.361122,1.053541,60.000000,-4.984819,1.038509,60.000000,-7.513561,1.014809,60.000000,-8.418431,1.015250,60.000000,-7.559474,1.017135,60.000000,-6.980149,1.007760,60.000000,-8.887101,1.006832,60.000000,-9.316986,1.032682,60.000000,-9.046517,1.025403,60.000000,-4.748821,1.021568,60.000000,-5.507734,1.011373,60.000000,-5.469254,1.023325,60.000000,-5.338341,1.021904,60.000000,-6.704352,1.026077,60.000000,-6.755404,1.040657,60.000000,-5.385268,1.042630,60.000000,-6.367045,1.039992,60.000000,-7.181192,1.054456,60.000000,-0.802378,0.995187,60.000000,-1.680508,1.040364,60.000000,-3.260966,1.055231,60.000000,0.675524,1.050688,60.000000,0.501145,1.045590,60.000000,-5.279291,1.061415,60.000000,-3.746059,1.059794,60.000000,-4.791923,1.047051,60.000000,-6.532845,1.056666,60.000000,-1.672815,1.054939,60.000000,0.781358,1.047500,60.000000,-2.827688,0.982000,60.000000,0.000000,0.983100,60.000000,2.349955,0.997200,60.000000,3.857337,1.012300,60.000000,2.950924,1.049630,60.000000,5.093842,1.063500,60.000000,7.495099,1.027800,60.000000,2.312208,1.026500,60.000000,7.089511,1.030000,60.000000,-8.796257,1.000000,1.000000,1.000000,1.000000,1.000000,1.000000,1.000000,1.000000,-42.642226,0.000000,5.266508,11.685834,3.989094,13.039518,20.310015,-38.263628,288.383297,447.800150,209.391350,467.503357,6.717002,286.592096,294.652499,141.504847,562.436988,245.394482,221.661074,276.382253,200.614467,124.488442,251.663684,184.493662,253.902685,8.239523,988.742731,2.149441,164.790455,75.230425,157.625653,78.812826,137.026846,28.927890,26.868009,92.246831,102.994034,75.767785,-82.574348,42.272334,15.225205,67.617823,24.718568,24.091648,4.119761,223.900075
0.220000,1.049431,60.000000,-7.361122,1.053541,60.000000,-4.984819,1.038509,60.000000,-7.513561,1.014809,60.000000,-8.418431,1.015250,60.000000,-7.559474,1.017135,60.000000,-6.980149,1.007760,60.000000,-8.887101,1.006832,60.000000,-9.316986,1.032682,60.000000,-9.046517,1.025403,60.000000,-4.748821,1.021568,60.000000,-5.507734,1.011373,60.000000,-5.469254,1.023325,60.000000,-5.338341,1.021904,60.000000,-6.704352,1.026077,60.000000,-6.755404,1.040657,60.000000,-5.385268,1.042630,60.000000,-6.367045,1.039992,60.000000,-7.181192,1.054456,60.000000,-0.802378,0.995187,60.000000,-1.680508,1.040364,60.000000,-3.260966,1.055231,60.000000,0.675524,1.050688,60.000000,0.501145,1.045590,60.000000,-5.279291,1.061415,60.000000,-3.746059,1.059794,60.000000,-4.791923,1.047051,60.000000,-6.532845,1.056666,60.000000,-1.672815,1.054939,60.000000,0.781358,1.047500,60.000000,-2.827688,0.982000,60.000000,0.000000,0.983100,60.000000,2.349955,0.997200,60.000000,3.857337,1.012300,60.000000,2.950924,1.049630,60.000000,5.093842,1.063500,60.000000,7.495099,1.027800,60.000000,2.312208,1.026500,60.000000,7.089511,1.030000,60.000000,-8.796257,1.000000,1.000000,1.000000,1.000000,1.000000,1.000000,1.000000,1.000000,-42.642226,0.000000,5.266508,11.685834,3.989094,13.039518,20.310015,-38.263628,288.383297,447.800150,209.391350,467.503357,6.717002,286.592096,294.652499,141.504847,562.436988,245.394482,221.661074,276.382253,200.614467,124.488442,251.663684,184.493662,253.902685,8.239523,988.742731,2.149441,164.790455,75.230425,157.625653,78.812826,137.026846,28.927890,26.868009,92.246831,102.994034,75.767785,-82.574348,42.272334,15.225205,67.617823,24.718568,24.091648,4.119761,223.900075
0.240000,1.049431,60.000000,-7.361122,1.053541,60.000000,-4.984819,1.038509,60.000000,-7.513561,1.014809,60.000000,-8.418431,1.015250,60.000000,-7.559474,1.017135,60.000000,-6.980149,1.007760,60.000000,-8.887101,1.006832,60.000000,-9.316986,1.032682,60.000000,-9.046517,1.025403,60.000000,-4.748821,1.021568,60.000000,-5.507734,1.011373,60.000000,-5.469254,1.023325,60.000000,-5.338341,1.021904,60.000000,-6.704352,1.026077,60.000000,-6.755404,1.040657,60.000000,-5.385268,1.042630,60.000000,-6.367045,1.039992,60.000000,-7.181192,1.054456,60.000000,-0.802378,0.995187,60.000000,-1.680508,1.040364,60.000000,-3.260966,1.055231,60.000000,0.675524,1.050688,60.000000,0.501145,1.045590,60.000000,-5.279291,1.061415,60.000000,-3.746059,1.059794,60.000000,-4.791923,1.047051,60.000000,-6.532845,1.056666,60.000000,-1.672815,1.054939,60.000000,0.781358,1.047500,60.000000,-2.827688,0.982000,60.000000,0.000000,0.983100,60.000000,2.349955,0.997200,60.000000,3.857337,1.012300,60.000000,2.950924,1.049630,60.000000,5.093842,1.063500,60.000000,7.495099,1.027800,60.000000,2.312208,1.026500,60.000000,7.089511,1.030000,60.000000,-8.796257,1.000000,1.000000,1.000000,1.000000,1.000000,1.000000,1.000000,1.000000,-42.642226,0.000000,5.266508,11.685834,3.989094,13.039518,20.310015,-38.263628,288.383297,447.800150,209.391350,467.503357,6.717002,286.592096,294.652499,141.504847,562.436988,245.394482,221.661074,276.382253,200.614467,124.488442,251.663684,184.493662,253.902685,8.239523,988.742731,2.149441,164.790455,75.230425,157.625653,78.812826,137.026846,28.927890,26.868009,92.246831,102.994034,75.767785,-82.574348,42.272334,15.225205,67.617823,24.718568,24.091648,4.119761,223.900075
0.260000,1.049431,60.000000,-7.361122,1.053541,60.000000,-4.984819,1.038509,60.000000,-7.513561,1.014809,60.000000,-8.418431,1.015250,60.000000,-7.559474,1.017135,60.000000,-6.980149,1.007760,60.000000,-8.887101,1.006832,60.000000,-9.316986,1.032682,60.000000,-9.046517,1.025403,60.000000,-4.748821,1.021568,60.000000,-5.507734,1.011373,60.000000,-5.469254,1.023325,60.000000,-5.338341,1.021904,60.000000,-6.704352,1.026077,60.000000,-6.755404,1.040657,60.000000,-5.385268,1.042630,60.000000,-6.367045,1.039992,60.000000,-7.181192,1.054456,60.000000,-0.802378,0.995187,60.000000,-1.680508,1.040364,60.000000,-3.260966,1.055231,60.000000,0.675524,1.050688,60.000000,0.501145,1.045590,60.000000,-5.279291,1.061415,60.000000,-3.746059,1.059794,60.000000,-4.791923,1.047051,60.000000,-6.532845,1.056666,60.000000,-1.672815,1.054939,60.000000,0.781358,1.047500,60.000000,-2.827688,0.982000,60.000000,0.000000,0.983100,60.000000,2.349955,0.997200,60.000000,3.857337,1.012300,60.000000,2.950924,1.049630,60.000000,5.093842,1.063500,60.000000,7.495099,1.027800,60.000000,2.312208,1.026500,60.000000,7.089511,1.030000,60.000000,-8.796257,1.000000,1.000000,1.000000,1.000000,1.000000,1.000000,1.000000,1.000000,-42.642226,0.000000,5.266508,11.685834,3.989094,13.039518,20.310015,-38.263628,288.383297,447.800150,209.391350,467.503357,6.717002,286.592096,294.652499,141.504847,562.436988,245.394482,221.661074,276.382253,200.614467,124.488442,251.663684,184.493662,253.902685,8.239523,988.742731,2.149441,164.790455,75.230425,157.625653,78.812826,137.026846,28.927890,26.868009,92.246831,102.994034,75.767785,-82.574348,42.272334,15.225205,67.617823,24.718568,24.091648,4.119761,223.900075
0.280000,1.049431,60.000000,-7.361122,1.053541,60.000000,-4.984819,1.038509,60.000000,-7.513561,1.014809,60.000000,-8.418431,1.015250,60.000000,-7.559474,1.017135,60.000000,-6.980149,1.007760,60.000000,-8.887101,1.006832,60.000000,-9.316986,1.032682,60.000000,-9.046517,1.025403,60.000000,-4.748821,1.021568,60.000000,-5.507734,1.011373,60.000000,-5.469254,1.023325,60.000000,-5.338341,1.021904,60.000000,-6.704352,1.026077,60.000000,-6.755404,1.040657,60.000000,-5.385268,1.042630,60.000000,-6.367045,1.039992,60.000000,-7.181192,1.054456,60.000000,-0.802378,0.995187,60.000000,-1.680508,1.040364,60.000000,-3.260966,1.055231,60.000000,0.675524,1.050688,60.000000,0.501145,1.045590,60.000000,-5.279291,1.061415,60.000000,-3.746059,1.059794,60.000000,-4.791923,1.047051,60.000000,-6.532845,1.056666,60.000000,-1.672815,1.054939,60.000000,0.781358,1.047500,60.000000,-2.827688,0.982000,60.000000,0.000000,0.983100,60.000000,2.349955,0.997200,60.000000,3.857337,1.012300,60.000000,2.950924,1.049630,60.000000,5.093842,1.063500,60.000000,7.495099,1.027800,60.000000,2.312208,1.026500,60.000000,7.089511,1.030000,60.000000,-8.796257,1.000000,1.000000,1.000000,1.000000,1.000000,1.000000,1.000000,1.000000,-42.642226,0.000000,5.266508,11.685834,3.989094,13.039518,20.310015,-38.263628,288.383297,447.800150,209.391350,467.503357,6.717002,286.592096,294.652499,141.504847,562.436988,245.394482,221.661074,276.382253,200.614467,124.488442,251.663684,184.493662,253.902685,8.239523,988.742731,2.149441,164.790455,75.230425,157.625653,78.812826,137.026846,28.927890,26.868009,92.246831,102.994034,75.767785,-82.574348,42.272334,15.225205,67.617823,24.718568,24.091648,4.119761,223.900075
0.300000,1.049431,60.000000,-7.361122,1.053541,60.000000,-4.984819,1.038509,60.000000,-7.513561,1.014809,60.000000,-8.418431,1.015250,60.000000,-7.559474,1.017135,60.000000,-6.980149,1.007760,60.000000,-8.887101,1.006832,60.000000,-9.316986,1.032682,60.000000,-9.046517,1.025403,60.000000,-4.748821,1.021568,60.000000,-5.507734,1.011373,60.000000,-5.469254,1.023325,60.000000,-5.338341,1.021904,60.000000,-6.704352,1.026077,60.000000,-6.755404,1.040657,60.000000,-5.385268,1.042630,60.000000,-6.367045,1.039992,60.000000,-7.181192,1.054456,60.000000,-0.802378,0.995187,60.000000,-1.680508,1.040364,60.000000,-3.260966,1.055231,60.000000,0.675524,1.050688,60.000000,0.501145,1.045590,60.000000,-5.279291,1.061415,60.000000,-3.746059,1.059794,60.000000,-4.791923,1.047051,60.000000,-6.532845,1.056666,60.000000,-1.672815,1.054939,60.000000,0.781358,1.047500,60.000000,-2.827688,0.982000,60.000000,0.000000,0.983100,60.000000,2.349955,0.997200,60.000000,3.857337,1.012300,60.000000,2.950924,1.049630,60.000000,5.093842,1.063500,60.000000,7.495099,1.027800,60.000000,2.312208,1.026500,60.000000,7.089511,1.030000,60.000000,-8.796257,1.000000,1.000000,1.000000,1.000000,1.000000,1.000000,1.000000,1.000000,-42.642226,0.000000,5.266508,11.685834,3.989094,13.039518,20.310015,-38.263628,288.383297,447.800150,209.391350,467.503357,6.717002,286.592096,294.652499,141.504847,562.436988,245.394482,221.661074,276.382253,200.614467,124.488442,251.663684,184.493662,253.902685,8.239523,988.742731,2.149441,164.790455,75.230425,157.625653,78.812826,137.026846,28.927890,26.868009,92.246831,102.994034,75.767785,-82.574348,42.272334,15.225205,67.617823,24.718568,24.091648,4.119761,223.900075
0.320000,1.049431,60.000000,-7.361122,1.053541,60.000000,-4.984819,1.038509,60.000000,-7.513561,1.014809,60.000000,-8.418431,1.015250,60.000000,-7.559474,1.017135,60.000000,-6.980149,1.007760,60.000000,-8.887101,1.006832,60.000000,-9.316986,1.032682,60.000000,-9.046517,1.025403,60.000000,-4.748821,1.021568,60.000000,-5.507734,1.011373,60.000000,-5.469254,1.023325,60.000000,-5.338341,1.021904,60.000000,-6.704352,1.026077,60.000000,-6.755404,1.040657,60.000000,-5.385268,1.042630,60.000000,-6.367045,1.039992,60.000000,-7.181192,1.054456,60.000000,-0.802378,0.995187,60.000000,-1.680508,1.040364,60.000000,-3.260966,1.055231,60.000000,0.675524,1.050688,60.000000,0.501145,1.045590,60.000000,-5.279291,1.061415,60.000000,-3.746059,1.059794,60.000000,-4.791923,1.047051,60.000000,-6.532845,1.056666,60.000000,-1.672815,1.054939,60.000000,0.781358,1.047500,60.000000,-2.827688,0.982000,60.000000,0.000000,0.983100,60.000000,2.349955,0.997200,60.000000,3.857337,1.012300,60.000000,2.950924,1.049630,60.000000,5.093842,1.063500,60.000000,7.495099,1.027800,60.000000,2.312208,1.026500,60.000000,7.089511,1.030000,60.000000,-8.796257,1.000000,1.000000,1.000000,1.000000,1.000000,1.000000,1.000000,1.000000,-42.642226,0.000000,5.266508,11.685834,3.989094,13.039518,20.310015,-38.263628,288.383297,447.800150,209.391350,467.503357,6.717002,286.592096,294.652499,141.504847,562.436988,245.394482,221.661074,276.382253,200.614467,124.488442,251.663684,184.493662,253.902685,8.239523,988.742731,2.149441,164.790455,75.230425,157.625653,78.812826,137.026846,28.927890,26.868009,92.246831,102.994034,75.767785,-82.574348,42.272334,15.225205,67.617823,24.718568,24.091648,4.119761,223.900075
0.340000,1.049431,60.000000,-7.361122,1.053541,60.000000,-4.984819,1.038509,60.000000,-7.513561,1.014809,60.000000,-8.418431,1.015250,60.000000,-7.559474,1.017135,60.000000,-6.980149,1.007760,60.000000,-8.887101,1.006832,60.000000,-9.316986,1.032682,60.000000,-9.046517,1.025403,60.000000,-4.748821,1.021568,60.000000,-5.507734,1.011373,60.000000,-5.469254,1.023325,60.000000,-5.338341,1.021904,60.000000,-6.704352,1.026077,60.000000,-6.755404,1.040657,60.000000,-5.385268,1.042630,60.000000,-6.367045,1.039992,60.000000,-7.181192,1.054456,60.000000,-0.802378,0.995187,60.000000,-1.680508,1.040364,60.000000,-3.260966,1.055231,60.000000,0.675524,1.050688,60.000000,0.501145,1.045590,60.000000,-5.279291,1.061415,60.000000,-3.746059,1.059794,60.000000,-4.791923,1.047051,60.000000,-6.532845,1.056666,60.000000,-1.672815,1.054939,60.000000,0.781358,1.047500,60.000000,-2.827688,0.982000,60.000000,0.000000,0.983100,60.000000,2.349955,0.997200,60.000000,3.857337,1.012300,60.000000,2.950924,1.049630,60.000000,5.093842,1.063500,60.000000,7.495099,1.027800,60.000000,2.312208,1.026500,60.000000,7.089511,1.030000,60.000000,-8.796257,1.000000,1.000000,1.000000,1.000000,1.000000,1.000000,1.000000,1.000000,-42.642226,0.000000,5.266508,11.685834,3.989094,13.039518,20.310015,-38.263628,288.383297,447.800150,209.391350,467.503357,6.717002,286.592096,294.652499,141.504847,562.436988,245.394482,221.661074,276.382253,200.614467,124.488442,251.663684,184.493662,253.902685,8.239523,988.742731,2.149441,164.790455,75.230425,157.625653,78.812826,137.026846,28.927890,26.868009,92.246831,102.994034,75.767785,-82.574348,42.272334,15.225205,67.617823,24.718568,24.091648,4.119761,223.900075
0.360000,1.049431,60.000000,-7.361122,1.053541,60.000000,-4.984819,1.038509,60.000000,-7.513561,1.014809,60.000000,-8.418431,1.015250,60.000000,-7.559474,1.017135,60.000000,-6.980149,1.007760,60.000000,-8.887101,1.006832,60.000000,-9.316986,1.032682,60.000000,-9.046517,1.025403,60.000000,-4.748821,1.021568,60.000000,-5.507734,1.011373,60.000000,-5.469254,1.023325,60.000000,-5.338341,1.021904,60.000000,-6.704352,1.026077,60.000000,-6.755404,1.040657,60.000000,-5.385268,1.042630,60.000000,-6.367045,1.039992,60.000000,-7.181192,1.054456,60.000000,-0.802378,0.995187,60.000000,-1.680508,1.040364,60.000000,-3.260966,1.055231,60.000000,0.675524,1.050688,60.000000,0.501145,1.045590,60.000000,-5.279291,1.061415,60.000000,-3.746059,1.059794,60.000000,-4.791923,1.047051,60.000000,-6.532845,1.056666,60.000000,-1.672815,1.054939,60.000000,0.781358,1.047500,60.000000,-2.827688,0.982000,60.000000,0.000000,0.983100,60.000000,2.349955,0.997200,60.000000,3.857337,1.012300,60.000000,2.950924,1.049630,60.000000,5.093842,1.063500,60.000000,7.495099,1.027800,60.000000,2.312208,1.026500,60.000000,7.089511,1.030000,60.000000,-8.796257,1.000000,1.000000,1.000000,1.000000,1.000000,1.000000,1.000000,1.000000,-42.642226,0.000000,5.266508,11.685834,3.989094,13.039518,20.310015,-38.263628,288.383297,447.800150,209.391350,467.503357,6.717002,286.592096,294.652499,141.504847,562.436988,245.394482,221.661074,276.382253,200.614467,124.488442,251.663684,184.493662,253.902685,8.239523,988.742731,2.149441,164.790455,75.230425,157.625653,78.812826,137.026846,28.927890,26.868009,92.246831,102.994034,75.767785,-82.574348,42.272334,15.225205,67.617823,24.718568,24.091648,4.119761,223.900075
0.380000,1.049431,60.000000,-7.361122,1.053541,60.000000,-4.984819,1.038509,60.000000,-7.513561,1.014809,60.000000,-8.418431,1.015250,60.000000,-7.559474,1.017135,60.000000,-6.980149,1.007760,60.000000,-8.887101,1.006832,60.000000,-9.316986,1.032682,60.000000,-9.046517,1.025403,60.000000,-4.748821,1.021568,60.000000,-5.507734,1.011373,60.000000,-5.469254,1.023325,60.000000,-5.338341,1.021904,60.000000,-6.704352,1.026077,60.000000,-6.755404,1.040657,60.000000,-5.385268,1.042630,60.000000,-6.367045,1.039992,60.000000,-7.181192,1.054456,60.000000,-0.802378,0.995187,60.000000,-1.680508,1.040364,60.000000,-3.260966,1.055231,60.000000,0.675524,1.050688,60.000000,0.501145,1.045590,60.000000,-5.279291,1.061415,60.000000,-3.746059,1.059794,60.000000,-4.791923,1.047051,60.000000,-6.532845,1.056666,60.000000,-1.672815,1.054939,60.000000,0.781358,1.047500,60.000000,-2.827688,0.982000,60.000000,0.000000,0.983100,60.000000,2.349955,0.997200,60.000000,3.857337,1.012300,60.000000,2.950924,1.049630,60.000000,5.093842,1.063500,60.000000,7.495099,1.027800,60.000000,2.312208,1.026500,60.000000,7.089511,1.030000,60.000000,-8.796257,1.000000,1.000000,1.000000,1.000000,1.000000,1.000000,1.000000,1.000000,-42.642226,0.000000,5.266508,11.685834,3.989094,13.039518,20.310015,-38.263628,288.383297,447.800150,209.391350,467.503357,6.717002,286.592096,294.652499,141.504847,562.436988,245.394482,221.661074,276.382253,200.614467,124.488442,251.663684,184.493662,253.902685,8.239523,988.742731,2.149441,164.790455,75.230425,157.625653,78.812826,137.026846,28.927890,26.868009,92.246831,102.994034,75.767785,-82.574348,42.272334,15.225205,67.617823,24.718568,24.091648,4.119761,223.900075
0.400000,1.049431,60.000000,-7.361122,1.053541,60.000000,-4.984819,1.038509,60.000000,-7.513561,1.014809,60.000000,-8.418431,1.015250,60.000000,-7.559474,1.017135,60.000000,-6.980149,1.007760,60.000000,-8.887101,1.006832,60.000000,-9.316986,1.032682,60.000000,-9.046517,1.025403,60.000000,-4.748821,1.021568,60.000000,-5.507734,1.011373,60.000000,-5.469254,1.023325,60.000000,-5.338341,1.021904,60.000000,-6.704352,1.026077,60.000000,-6.755404,1.040657,60.000000,-5.385268,1.042630,60.000000,-6.367045,1.039992,60.000000,-7.181192,1.054456,60.000000,-0.802378,0.995187,60.000000,-1.680508,1.040364,60.000000,-3.260966,1.055231,60.000000,0.675524,1.050688,60.000000,0.501145,1.045590,60.000000,-5.279291,1.061415,60.000000,-3.746059,1.059794,60.000000,-4.791923,1.047051,60.000000,-6.532845,1.056666,60.000000,-1.672815,1.054939,60.000000,0.781358,1.047500,60.000000,-2.827688,0.982000,60.000000,0.000000,0.983100,60.000000,2.349955,0.997200,60.000000,3.857337,1.012300,60.000000,2.950924,1.049630,60.000000,5.093842,1.063500,60.000000,7.495099,1.027800,60.000000,2.312208,1.026500,60.000000,7.089511,1.030000,60.000000,-8.796257,1.000000,1.000000,1.000000,1.000000,1.000000,1.000000,1.000000,1.000000,-42.642226,0.000000,5.266508,11.685834,3.989094,13.039518,20.310015,-38.263628,288.383297,447.800150,209.391350,467.503357,6.717002,286.592096,294.652499,141.504847,562.436988,245.394482,221.661074,276.382253,200.614467,124.488442,251.663684,184.493662,253.902685,8.239523,988.742731,2.149441,164.790455,75.230425,157.625653,78.812826,137.026846,28.927890,26.868009,92.246831,102.994034,75.767785,-82.574348,42.272334,15.225205,67.617823,24.718568,24.091648,4.119761,223.900075
0.420000,1.049431,60.000000,-7.361122,1.053541,60.000000,-4.984819,1.038509,60.000000,-7.513561,1.014809,60.000000,-8.418431,1.015250,60.000000,-7.559474,1.017135,60.000000,-6.980149,1.007760,60.000000,-8.887101,1.006832,60.000000,-9.316986,1.032682,60.000000,-9.046517,1.025403,60.000000,-4.748821,1.021568,60.000000,-5.507734,1.011373,60.000000,-5.469254,1.023325,60.000000,-5.338341,1.021904,60.000000,-6.704352,1.026077,60.000000,-6.755404,1.040657,60.000000,-5.385268,1.042630,60.000000,-6.367045,1.039992,60.000000,-7.181192,1.054456,60.000000,-0.802378,0.995187,60.000000,-1.680508,1.040364,60.000000,-3.260966,1.055231,60.000000,0.675524,1.050688,60.000000,0.501145,1.045590,60.000000,-5.279291,1.061415,60.000000,-3.746059,1.059794,60.000000,-4.791923,1.047051,60.000000,-6.532845,1.056666,60.000000,-1.672815,1.054939,60.000000,0.781358,1.047500,60.000000,-2.827688,0.982000,60.000000,0.000000,0.983100,60.000000,2.349955,0.997200,60.000000,3.857337,1.012300,60.000000,2.950924,1.049630,60.000000,5.093842,1.063500,60.000000,7.495099,1.027800,60.000000,2.312208,1.026500,60.000000,7.089511,1.030000,60.000000,-8.796257,1.000000,1.000000,1.000000,1.000000,1.000000,1.000000,1.000000,1.000000,-42.642226,0.000000,5.266508,11.685834,3.989094,13.039518,20.310015,-38.263628,288.383297,447.800150,209.391350,467.503357,6.717002,286.592096,294.652499,141.504847,562.436988,245.394482,221.661074,276.382253,200.614467,124.488442,251.663684,184.493662,253.902685,8.239523,988.742731,2.149441,164.790455,75.230425,157.625653,78.812826,137.026846,28.927890,26.868009,92.246831,102.994034,75.767785,-82.574348,42.272334,15.225205,67.617823,24.718568,24.091648,4.119761,223.900075
0.440000,1.049431,60.000000,-7.361122,1.053541,60.000000,-4.984819,1.038509,60.000000,-7.513561,1.014809,60.000000,-8.418431,1.015250,60.000000,-7.559474,1.017135,60.000000,-6.980149,1.007760,60.000000,-8.887101,1.006832,60.000000,-9.316986,1.032682,60.000000,-9.046517,1.025403,60.000000,-4.748821,1.021568,60.000000,-5.507734,1.011373,60.000000,-5.469254,1.023325,60.000000,-5.338341,1.021904,60.000000,-6.704352,1.026077,60.000000,-6.755404,1.040657,60.000000,-5.385268,1.042630,60.000000,-6.367045,1.039992,60.000000,-7.181192,1.054456,60.000000,-0.802378,0.995187,60.000000,-1.680508,1.040364,60.000000,-3.260966,1.055231,60.000000,0.675524,1.050688,60.000000,0.501145,1.045590,60.000000,-5.279291,1.061415,60.000000,-3.746059,1.059794,60.000000,-4.791923,1.047051,60.000000,-6.532845,1.056666,60.000000,-1.672815,1.054939,60.000000,0.781358,1.047500,60.000000,-2.827688,0.982000,60.000000,0.000000,0.983100,60.000000,2.349955,0.997200,60.000000,3.857337,1.012300,60.000000,2.950924,1.049630,60.000000,5.093842,1.063500,60.000000,7.495099,1.027800,60.000000,2.312208,1.026500,60.000000,7.089511,1.030000,60.000000,-8.796257,1.000000,1.000000,1.000000,1.000000,1.000000,1.000000,1.000000,1.000000,-42.642226,0.000000,5.266508,11.685834,3.989094,13.039518,20.310015,-38.263628,288.383297,447.800150,209.391350,467.503357,6.717002,286.592096,294.652499,141.504847,562.436988,245.394482,221.661074,276.382253,200.614467,124.488442,251.663684,184.493662,253.902685,8.239523,988.742731,2.149441,164.790455,75.230425,157.625653,78.812826,137.026846,28.927890,26.868009,92.246831,102.994034,75.767785,-82.574348,42.272334,15.225205,67.617823,24.718568,24.091648,4.119761,223.900075
0.460000,1.049431,60.000000,-7.361122,1.053541,60.000000,-4.984819,1.038509,60.000000,-7.513561,1.014809,60.000000,-8.418431,1.015250,60.000000,-7.559474,1.017135,60.000000,-6.980149,1.007760,60.000000,-8.887101,1.006832,60.000000,-9.316986,1.032682,60.000000,-9.046517,1.025403,60.000000,-4.748821,1.021568,60.000000,-5.507734,1.011373,60.000000,-5.469254,1.023325,60.000000,-5.338341,1.021904,60.000000,-6.704352,1.026077,60.000000,-6.755404,1.040657,60.000000,-5.385268,1.042630,60.000000,-6.367045,1.039992,60.000000,-7.181192,1.054456,60.000000,-0.802378,0.995187,60.000000,-1.680508,1.040364,60.000000,-3.260966,1.055231,60.000000,0.675524,1.050688,60.000000,0.501145,1.045590,60.000000,-5.279291,1.061415,60.000000,-3.746059,1.059794,60.000000,-4.791923,1.047051,60.000000,-6.532845,1.056666,60.000000,-1.672815,1.054939,60.000000,0.781358,1.047500,60.000000,-2.827688,0.982000,60.000000,0.000000,0.983100,60.000000,2.349955,0.997200,60.000000,3.857337,1.012300,60.000000,2.950924,1.049630,60.000000,5.093842,1.063500,60.000000,7.495099,1.027800,60.000000,2.312208,1.026500,60.000000,7.089511,1.030000,60.000000,-8.796257,1.000000,1.000000,1.000000,1.000000,1.000000,1.000000,1.000000,1.000000,-42.642226,0.000000,5.266508,11.685834,3.989094,13.039518,20.310015,-38.263628,288.383297,447.800150,209.391350,467.503357,6.717002,286.592096,294.652499,141.504847,562.436988,245.394482,221.661074,276.382253,200.614467,124.488442,251.663684,184.493662,253.902685,8.239523,988.742731,2.149441,164.790455,75.230425,157.625653,78.812826,137.026846,28.927890,26.868009,92.246831,102.994034,75.767785,-82.574348,42.272334,15.225205,67.617823,24.718568,24.091648,4.119761,223.900075
0.480000,1.049431,60.000000,-7.361122,1.053541,60.000000,-4.984819,1.038509,60.000000,-7.513561,1.014809,60.000000,-8.418431,1.015250,60.000000,-7.559474,1.017135,60.000000,-6.980149,1.007760,60.000000,-8.887101,1.006832,60.000000,-9.316986,1.032682,60.000000,-9.046517,1.025403,60.000000,-4.748821,1.021568,60.000000,-5.507734,1.011373,60.000000,-5.469254,1.023325,60.000000,-5.338341,1.021904,60.000000,-6.704352,1.026077,60.000000,-6.755404,1.040657,60.000000,-5.385268,1.042630,60.000000,-6.367045,1.039992,60.000000,-7.181192,1.054456,60.000000,-0.802378,0.995187,60.000000,-1.680508,1.040364,60.000000,-3.260966,1.055231,60.000000,0.675524,1.050688,60.000000,0.501145,1.045590,60.000000,-5.279291,1.061415,60.000000,-3.746059,1.059794,60.000000,-4.791923,1.047051,60.000000,-6.532845,1.056666,60.000000,-1.672815,1.054939,60.000000,0.781358,1.047500,60.000000,-2.827688,0.982000,60.000000,0.000000,0.983100,60.000000,2.349955,0.997200,60.000000,3.857337,1.012300,60.000000,2.950924,1.049630,60.000000,5.093842,1.063500,60.000000,7.495099,1.027800,60.000000,2.312208,1.026500,60.000000,7.089511,1.030000,60.000000,-8.796257,1.000000,1.000000,1.000000,1.000000,1.000000,1.000000,1.000000,1.000000,-42.642226,0.000000,5.266508,11.685834,3.989094,13.039518,20.310015,-38.263628,288.383297,447.800150,209.391350,467.503357,6.717002,286.592096,294.652499,141.504847,562.436988,245.394482,221.661074,276.382253,200.614467,124.488442,251.663684,184.493662,253.902685,8.239523,988.742731,2.149441,164.790455,75.230425,157.625653,78.812826,137.026846,28.927890,26.868009,92.246831,102.994034,75.767785,-82.574348,42.272334,15.225205,67.617823,24.718568,24.091648,4.119761,223.900075
0.500000,1.049431,60.000000,-7.361122,1.053541,60.000000,-4.984819,1.038509,60.000000,-7.513561,1.014809,60.000000,-8.418431,1.015250,60.000000,-7.559474,1.017135,60.000000,-6.980149,1.007760,60.000000,-8.887101,1.006832,60.000000,-9.316986,1.032682,60.000000,-9.046517,1.025403,60.000000,-4.748821,1.021568,60.000000,-5.507734,1.011373,60.000000,-5.469254,1.023325,60.000000,-5.338341,1.021904,60.000000,-6.704352,1.026077,60.000000,-6.755404,1.040657,60.000000,-5.385268,1.042630,60.000000,-6.367045,1.039992,60.000000,-7.181192,1.054456,60.000000,-0.802378,0.995187,60.000000,-1.680508,1.040364,60.000000,-3.260966,1.055231,60.000000,0.675524,1.050688,60.000000,0.501145,1.045590,60.000000,-5.279291,1.061415,60.000000,-3.746059,1.059794,60.000000,-4.791923,1.047051,60.000000,-6.532845,1.056666,60.000000,-1.672815,1.054939,60.000000,0.781358,1.047500,60.000000,-2.827688,0.982000,60.000000,0.000000,0.983100,60.000000,2.349955,0.997200,60.000000,3.857337,1.012300,60.000000,2.950924,1.049630,60.000000,5.093842,1.063500,60.000000,7.495099,1.027800,60.000000,2.312208,1.026500,60.000000,7.089511,1.030000,60.000000,-8.796257,1.000000,1.000000,1.000000,1.000000,1.000000,1.000000,1.000000,1.000000,-42.642226,0.000000,5.266508,11.685834,3.989094,13.039518,20.310015,-38.263628,288.383297,447.800150,209.391350,467.503357,6.717002,286.592096,294.652499,141.504847,562.436988,245.394482,221.661074,276.382253,200.614467,124.488442,251.663684,184.493662,253.902685,8.239523,988.742731,2.149441,164.790455,75.230425,157.625653,78.812826,137.026846,28.927890,26.868009,92.246831,102.994034,75.767785,-82.574348,42.272334,15.225205,67.617823,24.718568,24.091648,4.119761,223.900075
0.520000,1.049431,60.000000,-7.361122,1.053541,60.000000,-4.984819,1.038509,60.000000,-7.513561,1.014809,60.000000,-8.418431,1.015250,60.000000,-7.559474,1.017135,60.000000,-6.980149,1.007760,60.000000,-8.887101,1.006832,60.000000,-9.316986,1.032682,60.000000,-9.046517,1.025403,60.000000,-4.748821,1.021568,60.000000,-5.507734,1.011373,60.000000,-5.469254,1.023325,60.000000,-5.338341,1.021904,60.000000,-6.704352,1.026077,60.000000,-6.755404,1.040657,60.000000,-5.385268,1.042630,60.000000,-6.367045,1.039992,60.000000,-7.181192,1.054456,60.000000,-0.802378,0.995187,60.000000,-1.680508,1.040364,60.000000,-3.260966,1.055231,60.000000,0.675524,1.050688,60.000000,0.501145,1.045590,60.000000,-5.279291,1.061415,60.000000,-3.746059,1.059794,60.000000,-4.791923,1.047051,60.000000,-6.532845,1.056666,60.000000,-1.672815,1.054939,60.000000,0.781358,1.047500,60.000000,-2.827688,0.982000,60.000000,-0.000000,0.983100,60.000000,2.349955,0.997200,60.000000,3.857337,1.012300,60.000000,2.950924,1.049630,60.000000,5.093842,1.063500,60.000000,7.495099,1.027800,60.000000,2.312208,1.026500,60.000000,7.089511,1.030000,60.000000,-8.796257,1.000000,1.000000,1.000000,1.000000,1.000000,1.000000,1.000000,1.000000,-42.642226,0.000000,5.266508,11.685834,3.989094,13.039518,20.310015,-38.263628,288.383297,447.800150,209.391350,467.503357,6.717002,286.592096,294.652499,141.504847,562.436988,245.394482,221.661074,276.382253,200.614467,124.488442,251.663684,184.493662,253.902685,8.239523,988.742731,2.149441,164.790455,75.230425,157.625653,78.812826,137.026846,28.927890,26.868009,92.246831,102.994034,75.767785,-82.574348,42.272334,15.225205,67.617823,24.718568,24.091648,4.119761,223.900075
0.540000,1.049431,60.000000,-7.361122,1.053541,60.000000,-4.984819,1.038509,60.000000,-7.513561,1.014809,60.000000,-8.418431,1.015250,60.000000,-7.559474,1.017135,60.000000,-6.980149,1.007760,60.000000,-8.887101,1.006832,60.000000,-9.316986,1.032682,60.000000,-9.046517,1.025403,60.000000,-4.748821,1.021568,60.000000,-5.507734,1.011373,60.000000,-5.469254,1.023325,60.000000,-5.338341,1.021904,60.000000,-6.704352,1.026077,60.000000,-6.755404,1.040657,60.000000,-5.385268,1.042630,60.000000,-6.367045,1.039992,60.000000,-7.181192,1.054456,60.000000,-0.802378,0.995187,60.000000,-1.680508,1.040364,60.000000,-3.260966,1.055231,60.000000,0.675524,1.050688,60.000000,0.501145,1.045590,60.000000,-5.279291,1.061415,60.000000,-3.746059,1.059794,60.000000,-4.791923,1.047051,60.000000,-6.532845,1.056666,60.000000,-1.672815,1.054939,60.000000,0.781358,1.047500,60.000000,-2.827688,0.982000,60.000000,-0.000000,0.983100,60.000000,2.349955,0.997200,60.000000,3.857337,1.012300,60.000000,2.950924,1.049630,60.000000,5.093842,1.063500,60.000000,7.495099,1.027800,60.000000,2.312208,1.026500,60.000000,7.089511,1.030000,60.000000,-8.796257,1.000000,1.000000,1.000000,1.000000,1.000000,1.000000,1.000000,1.000000,-42.642226,0.000000,5.266508,11.685834,3.989094,13.039518,20.310015,-38.263628,288.383297,447.800150,209.391350,467.503357,6.717002,286.592096,294.652499,141.504847,562.436988,245.394482,221.661074,276.382253,200.614467,124.488442,251.663684,184.493662,253.902685,8.239523,988.742731,2.149441,164.790455,75.230425,157.625653,78.812826,137.026846,28.927890,26.868009,92.246831,102.994034,75.767785,-82.574348,42.272334,15.225205,67.617823,24.718568,24.091648,4.119761,223.900075
0.560000,1.049431,60.000000,-7.361122,1.053541,60.000000,-4.984819,1.038509,60.000000,-7.513561,1.014809,60.000000,-8.418431,1.015250,60.000000,-7.559474,1.017135,60.000000,-6.980149,1.007760,60.000000,-8.887101,1.006832,60.000000,-9.316986,1.032682,60.000000,-9.046517,1.025403,60.000000,-4.748821,1.021568,60.000000,-5.507734,1.011373,60.000000,-5.469254,1.023325,60.000000,-5.338341,1.021904,60.000000,-6.704352,1.026077,60.000000,-6.755404,1.040657,60.000000,-5.385268,1.042630,60.000000,-6.367045,1.039992,60.000000,-7.181192,1.054456,60.000000,-0.802378,0.995187,60.000000,-1.680508,1.040364,60.000000,-3.260966,1.055231,60.000000,0.675524,1.050688,60.000000,0.501145,1.045590,60.000000,-5.279291,1.061415,60.000000,-3.746059,1.059794,60.000000,-4.791923,1.047051,60.000000,-6.532845,1.056666,60.000000,-1.672815,1.054939,60.000000,0.781358,1.047500,60.000000,-2.827688,0.982000,60.000000,-0.000000,0.983100,60.000000,2.349955,0.997200,60.000000,3.857337,1.012300,60.000000,2.950924,1.049630,60.000000,5.093842,1.063500,60.000000,7.495099,1.027800,60.000000,2.312208,1.026500,60.000000,7.089511,1.030000,60.000000,-8.796257,1.000000,1.000000,1.000000,1.000000,1.000000,1.000000,1.000000,1.000000,-42.642226,0.000000,5.266508,11.685834,3.989094,13.039518,20.310015,-38.263628,288.383297,447.800150,209.391350,467.503357,6.717002,286.592096,294.652499,141.504847,562.436988,245.394482,221.661074,276.382253,200.614467,124.488442,251.663684,184.493662,253.902685,8.239523,988.742731,2.149441,164.790455,75.230425,157.625653,78.812826,137.026846,28.927890,26.868009,92.246831,102.994034,75.767785,-82.574348,42.272334,15.225205,67.617823,24.718568,24.091648,4.119761,223.900075
0.580000,1.049431,60.000000,-7.361122,1.053541,60.000000,-4.984819,1.038509,60.000000,-7.513561,1.014809,60.000000,-8.418431,1.015250,60.000000,-7.559474,1.017135,60.000000,-6.980149,1.007760,60.000000,-8.887101,1.006832,60.000000,-9.316986,1.032682,60.000000,-9.046517,1.025403,60.000000,-4.748821,1.021568,60.000000,-5.507734,1.011373,60.000000,-5.469254,1.023325,60.000000,-5.338341,1.021904,60.000000,-6.704352,1.026077,60.000000,-6.755404,1.040657,60.000000,-5.385268,1.042630,60.000000,-6.367045,1.039992,60.000000,-7.181192,1.054456,60.000000,-0.802378,0.995187,60.000000,-1.680508,1.040364,60.000000,-3.260966,1.055231,60.000000,0.675524,1.050688,60.000000,0.501145,1.045590,60.000000,-5.279291,1.061415,60.000000,-3.746059,1.059794,60.000000,-4.791923,1.047051,60.000000,-6.532845,1.056666,60.000000,-1.672815,1.054939,60.000000,0.781358,1.047500,60.000000,-2.827688,0.982000,60.000000,-0.000000,0.983100,60.000000,2.349955,0.997200,60.000000,3.857337,1.012300,60.000000,2.950924,1.049630,60.000000,5.093842,1.063500,60.000000,7.495099,1.027800,60.000000,2.312208,1.026500,60.000000,7.089511,1.030000,60.000000,-8.796257,1.000000,1.000000,1.000000,1.000000,1.000000,1.000000,1.000000,1.000000,-42.642226,0.000000,5.266508,11.685834,3.989094,13.039518,20.310015,-38.263628,288.383297,447.800150,209.391350,467.503357,6.717002,286.592096,294.652499,141.504847,562.436988,245.394482,221.661074,276.382253,200.614467,124.488442,251.663684,184.493662,253.902685,8.239523,988.742731,2.149441,164.790455,75.230425,157.625653,78.812826,137.026846,28.927890,26.868009,92.246831,102.994034,75.767785,-82.574348,42.272334,15.225205,67.617823,24.718568,24.091648,4.119761,223.900075
0.600000,1.049431,60.000000,-7.361122,1.053541,60.000000,-4.984819,1.038509,60.000000,-7.513561,1.014809,60.000000,-8.418431,1.015250,60.000000,-7.559474,1.017135,60.000000,-6.980149,1.007760,60.000000,-8.887101,1.006832,60.000000,-9.316986,1.032682,60.000000,-9.046517,1.025403,60.000000,-4.748821,1.021568,60.000000,-5.507734,1.011373,60.000000,-5.469254,1.023325,60.000000,-5.338341,1.021904,60.000000,-6.704352,1.026077,60.000000,-6.755404,1.040657,60.000000,-5.385268,1.042630,60.000000,-6.367045,1.039992,60.000000,-7.181192,1.054456,60.000000,-0.802378,0.995187,60.000000,-1.680508,1.040364,60.000000,-3.260966,1.055231,60.000000,0.675524,1.050688,60.000000,0.501145,1.045590,60.000000,-5.279291,1.061415,60.000000,-3.746059,1.059794,60.000000,-4.791923,1.047051,60.000000,-6.532845,1.056666,60.000000,-1.672815,1.054939,60.000000,0.781358,1.047500,60.000000,-2.827688,0.982000,60.000000,-0.000000,0.983100,60.000000,2.349955,0.997200,60.000000,3.857337,1.012300,60.000000,2.950924,1.049630,60.000000,5.093842,1.063500,60.000000,7.495099,1.027800,60.000000,2.312208,1.026500,60.000000,7.089511,1.030000,60.000000,-8.796257,1.000000,1.000000,1.000000,1.000000,1.000000,1.000000,1.000000,1.000000,-42.642226,0.000000,5.266508,11.685834,3.989094,13.039518,20.310015,-38.263628,288.383297,447.800150,209.391350,467.503357,6.717002,286.592096,294.652499,141.504847,562.436988,245.394482,221.661074,276.382253,200.614467,124.488442,251.663684,184.493662,253.902685,8.239523,988.742731,2.149441,164.790455,75.230425,157.625653,78.812826,137.026846,28.927890,26.868009,92.246831,102.994034,75.767785,-82.574348,42.272334,15.225205,67.617823,24.718568,24.091648,4.119761,223.900075
0.620000,1.049431,60.000000,-7.361122,1.053541,60.000000,-4.984819,1.038509,60.000000,-7.513561,1.014809,60.000000,-8.418431,1.015250,60.000000,-7.559474,1.017135,60.000000,-6.980149,1.007760,60.000000,-8.887101,1.006832,60.000000,-9.316986,1.032682,60.000000,-9.046517,1.025403,60.000000,-4.748821,1.021568,60.000000,-5.507734,1.011373,60.000000,-5.469254,1.023325,60.000000,-5.338341,1.021904,60.000000,-6.704352,1.026077,60.000000,-6.755404,1.040657,60.000000,-5.385268,1.042630,60.000000,-6.367045,1.039992,60.000000,-7.181192,1.054456,60.000000,-0.802378,0.995187,60.000000,-1.680508,1.040364,60.000000,-3.260966,1.055231,60.000000,0.675524,1.050688,60.000000,0.501145,1.045590,60.000000,-5.279291,1.061415,60.000000,-3.746059,1.059794,60.000000,-4.791923,1.047051,60.000000,-6.532845,1.056666,60.000000,-1.672815,1.054939,60.000000,0.781358,1.047500,60.000000,-2.827688,0.982000,60.000000,-0.000000,0.983100,60.000000,2.349955,0.997200,60.000000,3.857337,1.012300,60.000000,2.950924,1.049630,60.000000,5.093842,1.063500,60.000000,7.495099,1.027800,60.000000,2.312208,1.026500,60.000000,7.089511,1.030000,60.000000,-8.796257,1.000000,1.000000,1.000000,1.000000,1.000000,1.000000,1.000000,1.000000,-42.642226,0.000000,5.266508,11.685834,3.989094,13.039518,20.310015,-38.263628,288.383297,447.800150,209.391350,467.503357,6.717002,286.592096,294.652499,141.504847,562.436988,245.394482,221.661074,276.382253,200.614467,124.488442,251.663684,184.493662,253.902685,8.239523,988.742731,2.149441,164.790455,75.230425,157.625653,78.812826,137.026846,28.927890,26.868009,92.246831,102.994034,75.767785,-82.574348,42.272334,15.225205,67.617823,24.718568,24.091648,4.119761,223.900075
0.640000,1.049431,60.000000,-7.361122,1.053541,60.000000,-4.984819,1.038509,60.000000,-7.513561,1.014809,60.000000,-8.418431,1.015250,60.000000,-7.559474,1.017135,60.000000,-6.980149,1.007760,60.000000,-8.887101,1.006832,60.000000,-9.316986,1.032682,60.000000,-9.046517,1.025403,60.000000,-4.748821,1.021568,60.000000,-5.507734,1.011373,60.000000,-5.469254,1.023325,60.000000,-5.338341,1.021904,60.000000,-6.704352,1.026077,60.000000,-6.755404,1.040657,60.000000,-5.385268,1.042630,60.000000,-6.367045,1.039992,60.000000,-7.181192,1.054456,60.000000,-0.802378,0.995187,60.000000,-1.680508,1.040364,60.000000,-3.260966,1.055231,60.000000,0.675524,1.050688,60.000000,0.501145,1.045590,60.000000,-5.279291,1.061415,60.000000,-3.746059,1.059794,60.000000,-4.791923,1.047051,60.000000,-6.532845,1.056666,60.000000,-1.672815,1.054939,60.000000,0.781358,1.047500,60.000000,-2.827688,0.982000,60.000000,0.000000,0.983100,60.000000,2.349955,0.997200,60.000000,3.857337,1.012300,60.000000,2.950924,1.049630,60.000000,5.093842,1.063500,60.000000,7.495099,1.027800,60.000000,2.312208,1.026500,60.000000,7.089511,1.030000,60.000000,-8.796257,1.000000,1.000000,1.000000,1.000000,1.000000,1.000000,1.000000,1.000000,-42.642226,0.000000,5.266508,11.685834,3.989094,13.039518,20.310015,-38.263628,288.383297,447.800150,209.391350,467.503357,6.717002,286.592096,294.652499,141.504847,562.436988,245.394482,221.661074,276.382253,200.614467,124.488442,251.663684,184.493662,253.902685,8.239523,988.742731,2.149441,164.790455,75.230425,157.625653,78.812826,137.026846,28.927890,26.868009,92.246831,102.994034,75.767785,-82.574348,42.272334,15.225205,67.617823,24.718568,24.091648,4.119761,223.900075
0.660000,1.049431,60.000000,-7.361122,1.053541,60.000000,-4.984819,1.038509,60.000000,-7.513561,1.014809,60.000000,-8.418431,1.015250,60.000000,-7.559474,1.017135,60.000000,-6.980149,1.007760,60.000000,-8.887101,1.006832,60.000000,-9.316986,1.032682,60.000000,-9.046517,1.025403,60.000000,-4.748821,1.021568,60.000000,-5.507734,1.011373,60.000000,-5.469254,1.023325,60.000000,-5.338341,1.021904,60.000000,-6.704352,1.026077,60.000000,-6.755404,1.040657,60.000000,-5.385268,1.042630,60.000000,-6.367045,1.039992,60.000000,-7.181192,1.054456,60.000000,-0.802378,0.995187,60.000000,-1.680508,1.040364,60.000000,-3.260966,1.055231,60.000000,0.675524,1.050688,60.000000,0.501145,1.045590,60.000000,-5.279291,1.061415,60.000000,-3.746059,1.059794,60.000000,-4.791923,1.047051,60.000000,-6.532845,1.056666,60.000000,-1.672815,1.054939,60.000000,0.781358,1.047500,60.000000,-2.827688,0.982000,60.000000,0.000000,0.983100,60.000000,2.349955,0.997200,60.000000,3.857337,1.012300,60.000000,2.950924,1.049630,60.000000,5.093842,1.063500,60.000000,7.495099,1.027800,60.000000,2.312208,1.026500,60.000000,7.089511,1.030000,60.000000,-8.796257,1.000000,1.000000,1.000000,1.000000,1.000000,1.000000,1.000000,1.000000,-42.642226,0.000000,5.266508,11.685834,3.989094,13.039518,20.310015,-38.263628,288.383297,447.800150,209.391350,467.503357,6.717002,286.592096,294.652499,141.504847,562.436988,245.394482,221.661074,276.382253,200.614467,124.488442,251.663684,184.493662,253.902685,8.239523,988.742731,2.149441,164.790455,75.230425,157.625653,78.812826,137.026846,28.927890,26.868009,92.246831,102.994034,75.767785,-82.574348,42.272334,15.225205,67.617823,24.718568,24.091648,4.119761,223.900075
0.680000,1.049431,60.000000,-7.361122,1.053541,60.000000,-4.984819,1.038509,60.000000,-7.513561,1.014809,60.000000,-8.418431,1.015250,60.000000,-7.559474,1.017135,60.000000,-6.980149,1.007760,60.000000,-8.887101,1.006832,60.000000,-9.316986,1.032682,60.000000,-9.046517,1.025403,60.000000,-4.748821,1.021568,60.000000,-5.507734,1.011373,60.000000,-5.469254,1.023325,60.000000,-5.338341,1.021904,60.000000,-6.704352,1.026077,60.000000,-6.755404,1.040657,60.000000,-5.385268,1.042630,60.000000,-6.367045,1.039992,60.000000,-7.181192,1.054456,60.000000,-0.802378,0.995187,60.000000,-1.680508,1.040364,60.000000,-3.260966,1.055231,60.000000,0.675524,1.050688,60.000000,0.501145,1.045590,60.000000,-5.279291,1.061415,60.000000,-3.746059,1.059794,60.000000,-4.791923,1.047051,60.000000,-6.532845,1.056666,60.000000,-1.672815,1.054939,60.000000,0.781358,1.047500,60.000000,-2.827688,0.982000,60.000000,0.000000,0.983100,60.000000,2.349955,0.997200,60.000000,3.857337,1.012300,60.000000,2.950924,1.049630,60.000000,5.093842,1.063500,60.000000,7.495099,1.027800,60.000000,2.312208,1.026500,60.000000,7.089511,1.030000,60.000000,-8.796257,1.000000,1.000000,1.000000,1.000000,1.000000,1.000000,1.000000,1.000000,-42.642226,0.000000,5.266508,11.685834,3.989094,13.039518,20.310015,-38.263628,288.383297,447.800150,209.391350,467.503357,6.717002,286.592096,294.652499,141.504847,562.436988,245.394482,221.661074,276.382253,200.614467,124.488442,251.663684,184.493662,253.902685,8.239523,988.742731,2.149441,164.790455,75.230425,157.625653,78.812826,137.026846,28.927890,26.868009,92.246831,102.994034,75.767785,-82.574348,42.272334,15.225205,67.617823,24.718568,24.091648,4.119761,223.900075
0.700000,1.049431,60.000000,-7.361122,1.053541,60.000000,-4.984819,1.038509,60.000000,-7.513561,1.014809,60.000000,-8.418431,1.015250,60.000000,-7.559474,1.017135,60.000000,-6.980149,1.007760,60.000000,-8.887101,1.006832,60.000000,-9.316986,1.032682,60.000000,-9.046517,1.025403,60.000000,-4.748821,1.021568,60.000000,-5.507734,1.011373,60.000000,-5.469254,1.023325,60.000000,-5.338341,1.021904,60.000000,-6.704352,1.026077,60.000000,-6.755404,1.040657,60.000000,-5.385268,1.042630,60.000000,-6.367045,1.039992,60.000000,-7.181192,1.054456,60.000000,-0.802378,0.995187,60.000000,-1.680508,1.040364,60.000000,-3.260966,1.055231,60.000000,0.675524,1.050688,60.000000,0.501145,1.045590,60.000000,-5.279291,1.061415,60.000000,-3.746059,1.059794,60.000000,-4.791923,1.047051,60.000000,-6.532845,1.056666,60.000000,-1.672815,1.054939,60.000000,0.781358,1.047500,60.000000,-2.827688,0.982000,60.000000,0.000000,0.983100,60.000000,2.349955,0.997200,60.000000,3.857337,1.012300,60.000000,2.950924,1.049630,60.000000,5.093842,1.063500,60.000000,7.495099,1.027800,60.000000,2.312208,1.026500,60.000000,7.089511,1.030000,60.000000,-8.796257,1.000000,1.000000,1.000000,1.000000,1.000000,1.000000,1.000000,1.000000,-42.642226,0.000000,5.266508,11.685834,3.989094,13.039518,20.310015,-38.263628,288.383297,447.800150,209.391350,467.503357,6.717002,286.592096,294.652499,141.504847,562.436988,245.394482,221.661074,276.382253,200.614467,124.488442,251.663684,184.493662,253.902685,8.239523,988.742731,2.149441,164.790455,75.230425,157.625653,78.812826,137.026846,28.927890,26.868009,92.246831,102.994034,75.767785,-82.574348,42.272334,15.225205,67.617823,24.718568,24.091648,4.119761,223.900075
0.720000,1.049431,60.000000,-7.361122,1.053541,60.000000,-4.984819,1.038509,60.000000,-7.513561,1.014809,60.000000,-8.418431,1.015250,60.000000,-7.559474,1.017135,60.000000,-6.980149,1.007760,60.000000,-8.887101,1.006832,60.000000,-9.316986,1.032682,60.000000,-9.046517,1.025403,60.000000,-4.748821,1.021568,60.000000,-5.507734,1.011373,60.000000,-5.469254,1.023325,60.000000,-5.338341,1.021904,60.000000,-6.704352,1.026077,60.000000,-6.755404,1.040657,60.000000,-5.385268,1.042630,60.000000,-6.367045,1.039992,60.000000,-7.181192,1.054456,60.000000,-0.802378,0.995187,60.000000,-1.680508,1.040364,60.000000,-3.260966,1.055231,60.000000,0.675524,1.050688,60.000000,0.501145,1.045590,60.000000,-5.279291,1.061415,60.000000,-3.746059,1.059794,60.000000,-4.791923,1.047051,60.000000,-6.532845,1.056666,60.000000,-1.672815,1.054939,60.000000,0.781358,1.047500,60.000000,-2.827688,0.982000,60.000000,0.000000,0.983100,60.000000,2.349955,0.997200,60.000000,3.857337,1.012300,60.000000,2.950924,1.049630,60.000000,5.093842,1.063500,60.000000,7.495099,1.027800,60.000000,2.312208,1.026500,60.000000,7.089511,1.030000,60.000000,-8.796257,1.000000,1.000000,1.000000,1.000000,1.000000,1.000000,1.000000,1.000000,-42.642226,0.000000,5.266508,11.685834,3.989094,13.039518,20.310015,-38.263628,288.383297,447.800150,209.391350,467.503357,6.717002,286.592096,294.652499,141.504847,562.436988,245.394482,221.661074,276.382253,200.614467,124.488442,251.663684,184.493662,253.902685,8.239523,988.742731,2.149441,164.790455,75.230425,157.625653,78.812826,137.026846,28.927890,26.868009,92.246831,102.994034,75.767785,-82.574348,42.272334,15.225205,67.617823,24.718568,24.091648,4.119761,223.900075
0.740000,1.049431,60.000000,-7.361122,1.053541,60.000000,-4.984819,1.038509,60.000000,-7.513561,1.014809,60.000000,-8.418431,1.015250,60.000000,-7.559474,1.017135,60.000000,-6.980149,1.007760,60.000000,-8.887101,1.006832,60.000000,-9.316986,1.032682,60.000000,-9.046517,1.025403,60.000000,-4.748821,1.021568,60.000000,-5.507734,1.011373,60.000000,-5.469254,1.023325,60.000000,-5.338341,1.021904,60.000000,-6.704352,1.026077,60.000000,-6.755404,1.040657,60.000000,-5.385268,1.042630,60.000000,-6.367045,1.039992,60.000000,-7.181192,1.054456,60.000000,-0.802378,0.995187,60.000000,-1.680508,1.040364,60.000000,-3.260966,1.055231,60.000000,0.675524,1.050688,60.000000,0.501145,1.045590,60.000000,-5.279291,1.061415,60.000000,-3.746059,1.059794,60.000000,-4.791923,1.047051,60.000000,-6.532845,1.056666,60.000000,-1.672815,1.054939,60.000000,0.781358,1.047500,60.000000,-2.827688,0.982000,60.000000,0.000000,0.983100,60.000000,2.349955,0.997200,60.000000,3.857337,1.012300,60.000000,2.950924,1.049630,60.000000,5.093842,1.063500,60.000000,7.495099,1.027800,60.000000,2.312208,1.026500,60.000000,7.089511,1.030000,60.000000,-8.796257,1.000000,1.000000,1.000000,1.000000,1.000000,1.000000,1.000000,1.000000,-42.642226,0.000000,5.266508,11.685834,3.989094,13.039518,20.310015,-38.263628,288.383297,447.800150,209.391350,467.503357,6.717002,286.592096,294.652499,141.504847,562.436988,245.394482,221.661074,276.382253,200.614467,124.488442,251.663684,184.493662,253.902685,8.239523,988.742731,2.149441,164.790455,75.230425,157.625653,78.812826,137.026846,28.927890,26.868009,92.246831,102.994034,75.767785,-82.574348,42.272334,15.225205,67.617823,24.718568,24.091648,4.119761,223.900075
0.760000,1.049431,60.000000,-7.361122,1.053541,60.000000,-4.984819,1.038509,60.000000,-7.513561,1.014809,60.000000,-8.418431,1.015250,60.000000,-7.559474,1.017135,60.000000,-6.980149,1.007760,60.000000,-8.887101,1.006832,60.000000,-9.316986,1.032682,60.000000,-9.046517,1.025403,60.000000,-4.748821,1.021568,60.000000,-5.507734,1.011373,60.000000,-5.469254,1.023325,60.000000,-5.338341,1.021904,60.000000,-6.704352,1.026077,60.000000,-6.755404,1.040657,60.000000,-5.385268,1.042630,60.000000,-6.367045,1.039992,60.000000,-7.181192,1.054456,60.000000,-0.802378,0.995187,60.000000,-1.680508,1.040364,60.000000,-3.260966,1.055231,60.000000,0.675524,1.050688,60.000000,0.501145,1.045590,60.000000,-5.279291,1.061415,60.000000,-3.746059,1.059794,60.000000,-4.791923,1.047051,60.000000,-6.532845,1.056666,60.000000,-1.672815,1.054939,60.000000,0.781358,1.047500,60.000000,-2.827688,0.982000,60.000000,0.000000,0.983100,60.000000,2.349955,0.997200,60.000000,3.857337,1.012300,60.000000,2.950924,1.049630,60.000000,5.093842,1.063500,60.000000,7.495099,1.027800,60.000000,2.312208,1.026500,60.000000,7.089511,1.030000,60.000000,-8.796257,1.000000,1.000000,1.000000,1.000000,1.000000,1.000000,1.000000,1.000000,-42.642226,0.000000,5.266508,11.685834,3.989094,13.039518,20.310015,-38.263628,288.383297,447.800150,209.391350,467.503357,6.717002,286.592096,294.652499,141.504847,562.436988,245.394482,221.661074,276.382253,200.614467,124.488442,251.663684,184.493662,253.902685,8.239523,988.742731,2.149441,164.790455,75.230425,157.625653,78.812826,137.026846,28.927890,26.868009,92.246831,102.994034,75.767785,-82.574348,42.272334,15.225205,67.617823,24.718568,24.091648,4.119761,223.900075
0.780000,1.049431,60.000000,-7.361122,1.053541,60.000000,-4.984819,1.038509,60.000000,-7.513561,1.014809,60.000000,-8.418431,1.015250,60.000000,-7.559474,1.017135,60.000000,-6.980149,1.007760,60.000000,-8.887101,1.006832,60.000000,-9.316986,1.032682,60.000000,-9.046517,1.025403,60.000000,-4.748821,1.021568,60.000000,-5.507734,1.011373,60.000000,-5.469254,1.023325,60.000000,-5.338341,1.021904,60.000000,-6.704352,1.026077,60.000000,-6.755404,1.040657,60.000000,-5.385268,1.042630,60.000000,-6.367045,1.039992,60.000000,-7.181192,1.054456,60.000000,-0.802378,0.995187,60.000000,-1.680508,1.040364,60.000000,-3.260966,1.055231,60.000000,0.675524,1.050688,60.000000,0.501145,1.045590,60.000000,-5.279291,1.061415,60.000000,-3.746059,1.059794,60.000000,-4.791923,1.047051,60.000000,-6.532845,1.056666,60.000000,-1.672815,1.054939,60.000000,0.781358,1.047500,60.000000,-2.827688,0.982000,60.000000,0.000000,0.983100,60.000000,2.349955,0.997200,60.000000,3.857337,1.012300,60.000000,2.950924,1.049630,60.000000,5.093842,1.063500,60.000000,7.495099,1.027800,60.000000,2.312208,1.026500,60.000000,7.089511,1.030000,60.000000,-8.796257,1.000000,1.000000,1.000000,1.000000,1.000000,1.000000,1.000000,1.000000,-42.642226,0.000000,5.266508,11.685834,3.989094,13.039518,20.310015,-38.263628,288.383297,447.800150,209.391350,467.503357,6.717002,286.592096,294.652499,141.504847,562.436988,245.394482,221.661074,276.382253,200.614467,124.488442,251.663684,184.493662,253.902685,8.239523,988.742731,2.149441,164.790455,75.230425,157.625653,78.812826,137.026846,28.927890,26.868009,92.246831,102.994034,75.767785,-82.574348,42.272334,15.225205,67.617823,24.718568,24.091648,4.119761,223.900075
0.800000,1.049431,60.000000,-7.361122,1.053541,60.000000,-4.984819,1.038509,60.000000,-7.513561,1.014809,60.000000,-8.418431,1.015250,60.000000,-7.559474,1.017135,60.000000,-6.980149,1.007760,60.000000,-8.887101,1.006832,60.000000,-9.316986,1.032682,60.000000,-9.046517,1.025403,60.000000,-4.748821,1.021568,60.000000,-5.507734,1.011373,60.000000,-5.469254,1.023325,60.000000,-5.338341,1.021904,60.000000,-6.704352,1.026077,60.000000,-6.755404,1.040657,60.000000,-5.385268,1.042630,60.000000,-6.367045,1.039992,60.000000,-7.181192,1.054456,60.000000,-0.802378,0.995187,60.000000,-1.680508,1.040364,60.000000,-3.260966,1.055231,60.000000,0.675524,1.050688,60.000000,0.501145,1.045590,60.000000,-5.279291,1.061415,60.000000,-3.746059,1.059794,60.000000,-4.791923,1.047051,60.000000,-6.532845,1.056666,60.000000,-1.672815,1.054939,60.000000,0.781358,1.047500,60.000000,-2.827688,0.982000,60.000000,0.000000,0.983100,60.000000,2.349955,0.997200,60.000000,3.857337,1.012300,60.000000,2.950924,1.049630,60.000000,5.093842,1.063500,60.000000,7.495099,1.027800,60.000000,2.312208,1.026500,60.000000,7.089511,1.030000,60.000000,-8.796257,1.000000,1.000000,1.000000,1.000000,1.000000,1.000000,1.000000,1.000000,-42.642226,0.000000,5.266508,11.685834,3.989094,13.039518,20.310015,-38.263628,288.383297,447.800150,209.391350,467.503357,6.717002,286.592096,294.652499,141.504847,562.436988,245.394482,221.661074,276.382253,200.614467,124.488442,251.663684,184.493662,253.902685,8.239523,988.742731,2.149441,164.790455,75.230425,157.625653,78.812826,137.026846,28.927890,26.868009,92.246831,102.994034,75.767785,-82.574348,42.272334,15.225205,67.617823,24.718568,24.091648,4.119761,223.900075
0.820000,1.049431,60.000000,-7.361122,1.053541,60.000000,-4.984819,1.038509,60.000000,-7.513561,1.014809,60.000000,-8.418431,1.015250,60.000000,-7.559474,1.017135,60.000000,-6.980149,1.007760,60.000000,-8.887101,1.006832,60.000000,-9.316986,1.032682,60.000000,-9.046517,1.025403,60.000000,-4.748821,1.021568,60.000000,-5.507734,1.011373,60.000000,-5.469254,1.023325,60.000000,-5.338341,1.021904,60.000000,-6.704352,1.026077,60.000000,-6.755404,1.040657,60.000000,-5.385268,1.042630,60.000000,-6.367045,1.039992,60.000000,-7.181192,1.054456,60.000000,-0.802378,0.995187,60.000000,-1.680508,1.040364,60.000000,-3.260966,1.055231,60.000000,0.675524,1.050688,60.000000,0.501145,1.045590,60.000000,-5.279291,1.061415,60.000000,-3.746059,1.059794,60.000000,-4.791923,1.047051,60.000000,-6.532845,1.056666,60.000000,-1.672815,1.054939,60.000000,0.781358,1.047500,60.000000,-2.827688,0.982000,60.000000,0.000000,0.983100,60.000000,2.349955,0.997200,60.000000,3.857337,1.012300,60.000000,2.950924,1.049630,60.000000,5.093842,1.063500,60.000000,7.495099,1.027800,60.000000,2.312208,1.026500,60.000000,7.089511,1.030000,60.000000,-8.796257,1.000000,1.000000,1.000000,1.000000,1.000000,1.000000,1.000000,1.000000,-42.642226,0.000000,5.266508,11.685834,3.989094,13.039518,20.310015,-38.263628,288.383297,447.800150,209.391350,467.503357,6.717002,286.592096,294.652499,141.504847,562.436988,245.394482,221.661074,276.382253,200.614467,124.488442,251.663684,184.493662,253.902685,8.239523,988.742731,2.149441,164.790455,75.230425,157.625653,78.812826,137.026846,28.927890,26.868009,92.246831,102.994034,75.767785,-82.574348,42.272334,15.225205,67.617823,24.718568,24.091648,4.119761,223.900075
0.840000,1.049431,60.000000,-7.361122,1.053541,60.000000,-4.984819,1.038509,60.000000,-7.513561,1.014809,60.000000,-8.418431,1.015250,60.000000,-7.559474,1.017135,60.000000,-6.980149,1.007760,60.000000,-8.887101,1.006832,60.000000,-9.316986,1.032682,60.000000,-9.046517,1.025403,60.000000,-4.748821,1.021568,60.000000,-5.507734,1.011373,60.000000,-5.469254,1.023325,60.000000,-5.338341,1.021904,60.000000,-6.704352,1.026077,60.000000,-6.755404,1.040657,60.000000,-5.385268,1.042630,60.000000,-6.367045,1.039992,60.000000,-7.181192,1.054456,60.000000,-0.802378,0.995187,60.000000,-1.680508,1.040364,60.000000,-3.260966,1.055231,60.000000,0.675524,1.050688,60.000000,0.501145,1.045590,60.000000,-5.279291,1.061415,60.000000,-3.746059,1.059794,60.000000,-4.791923,1.047051,60.000000,-6.532845,1.056666,60.000000,-1.672815,1.054939,60.000000,0.781358,1.047500,60.000000,-2.827688,0.982000,60.000000,0.000000,0.983100,60.000000,2.349955,0.997200,60.000000,3.857337,1.012300,60.000000,2.950924,1.049630,60.000000,5.093842,1.063500,60.000000,7.495099,1.027800,60.000000,2.312208,1.026500,60.000000,7.089511,1.030000,60.000000,-8.796257,1.000000,1.000000,1.000000,1.000000,1.000000,1.000000,1.000000,1.000000,-42.642226,0.000000,5.266508,11.685834,3.989094,13.039518,20.310015,-38.263628,288.383297,447.800150,209.391350,467.503357,6.717002,286.592096,294.652499,141.504847,562.436988,245.394482,221.661074,276.382253,200.614467,124.488442,251.663684,184.493662,253.902685,8.239523,988.742731,2.149441,164.790455,75.230425,157.625653,78.812826,137.026846,28.927890,26.868009,92.246831,102.994034,75.767785,-82.574348,42.272334,15.225205,67.617823,24.718568,24.091648,4.119761,223.900075
0.860000,1.049431,60.000000,-7.361122,1.053541,60.000000,-4.984819,1.038509,60.000000,-7.513561,1.014809,60.000000,-8.418431,1.015250,60.000000,-7.559474,1.017135,60.000000,-6.980149,1.007760,60.000000,-8.887101,1.006832,60.000000,-9.316986,1.032682,60.000000,-9.046517,1.025403,60.000000,-4.748821,1.021568,60.000000,-5.507734,1.011373,60.000000,-5.469254,1.023325,60.000000,-5.338341,1.021904,60.000000,-6.704352,1.026077,60.000000,-6.755404,1.040657,60.000000,-5.385268,1.042630,60.000000,-6.367045,1.039992,60.000000,-7.181192,1.054456,60.000000,-0.802378,0.995187,60.000000,-1.680508,1.040364,60.000000,-3.260966,1.055231,60.000000,0.675524,1.050688,60.000000,0.501145,1.045590,60.000000,-5.279291,1.061415,60.000000,-3.746059,1.059794,60.000000,-4.791923,1.047051,60.000000,-6.532845,1.056666,60.000000,-1.672815,1.054939,60.000000,0.781358,1.047500,60.000000,-2.827688,0.982000,60.000000,0.000000,0.983100,60.000000,2.349955,0.997200,60.000000,3.857337,1.012300,60.000000,2.950924,1.049630,60.000000,5.093842,1.063500,60.000000,7.495099,1.027800,60.000000,2.312208,1.026500,60.000000,7.089511,1.030000,60.000000,-8.796257,1.000000,1.000000,1.000000,1.000000,1.000000,1.000000,1.000000,1.000000,-42.642226,0.000000,5.266508,11.685834,3.989094,13.039518,20.310015,-38.263628,288.383297,447.800150,209.391350,467.503357,6.717002,286.592096,294.652499,141.504847,562.436988,245.394482,221.661074,276.382253,200.614467,124.488442,251.663684,184.493662,253.902685,8.239523,988.742731,2.149441,164.790455,75.230425,157.625653,78.812826,137.026846,28.927890,26.868009,92.246831,102.994034,75.767785,-82.574348,42.272334,15.225205,67.617823,24.718568,24.091648,4.119761,223.900075
0.880000,1.049431,60.000000,-7.361122,1.053541,60.000000,-4.984819,1.038509,60.000000,-7.513561,1.014809,60.000000,-8.418431,1.015250,60.000000,-7.559474,1.017135,60.000000,-6.980149,1.007760,60.000000,-8.887101,1.006832,60.000000,-9.316986,1.032682,60.000000,-9.046517,1.025403,60.000000,-4.748821,1.021568,60.000000,-5.507734,1.011373,60.000000,-5.469254,1.023325,60.000000,-5.338341,1.021904,60.000000,-6.704352,1.026077,60.000000,-6.755404,1.040657,60.000000,-5.385268,1.042630,60.000000,-6.367045,1.039992,60.000000,-7.181192,1.054456,60.000000,-0.802378,0.995187,60.000000,-1.680508,1.040364,60.000000,-3.260966,1.055231,60.000000,0.675524,1.050688,60.000000,0.501145,1.045590,60.000000,-5.279291,1.061415,60.000000,-3.746059,1.059794,60.000000,-4.791923,1.047051,60.000000,-6.532845,1.056666,60.000000,-1.672815,1.054939,60.000000,0.781358,1.047500,60.000000,-2.827688,0.982000,60.000000,0.000000,0.983100,60.000000,2.349955,0.997200,60.000000,3.857337,1.012300,60.000000,2.950924,1.049630,60.000000,5.093842,1.063500,60.000000,7.495099,1.027800,60.000000,2.312208,1.026500,60.000000,7.089511,1.030000,60.000000,-8.796257,1.000000,1.000000,1.000000,1.000000,1.000000,1.000000,1.000000,1.000000,-42.642226,0.000000,5.266508,11.685834,3.989094,13.039518,20.310015,-38.263628,288.383297,447.800150,209.391350,467.503357,6.717002,286.592096,294.652499,141.504847,562.436988,245.394482,221.661074,276.382253,200.614467,124.488442,251.663684,184.493662,253.902685,8.239523,988.742731,2.149441,164.790455,75.230425,157.625653,78.812826,137.026846,28.927890,26.868009,92.246831,102.994034,75.767785,-82.574348,42.272334,15.225205,67.617823,24.718568,24.091648,4.119761,223.900075
0.900000,1.049431,60.000000,-7.361122,1.053541,60.000000,-4.984819,1.038509,60.000000,-7.513561,1.014809,60.000000,-8.418431,1.015250,60.000000,-7.559474,1.017135,60.000000,-6.980149,1.007760,60.000000,-8.887101,1.006832,60.000000,-9.316986,1.032682,60.000000,-9.046517,1.025403,60.000000,-4.748821,1.021568,60.000000,-5.507734,1.011373,60.000000,-5.469254,1.023325,60.000000,-5.338341,1.021904,60.000000,-6.704352,1.026077,60.000000,-6.755404,1.040657,60.000000,-5.385268,1.042630,60.000000,-6.367045,1.039992,60.000000,-7.181192,1.054456,60.000000,-0.802378,0.995187,60.000000,-1.680508,1.040364,60.000000,-3.260966,1.055231,60.000000,0.675524,1.050688,60.000000,0.501145,1.045590,60.000000,-5.279291,1.061415,60.000000,-3.746059,1.059794,60.000000,-4.791923,1.047051,60.000000,-6.532845,1.056666,60.000000,-1.672815,1.054939,60.000000,0.781358,1.047500,60.000000,-2.827688,0.982000,60.000000,0.000000,0.983100,60.000000,2.349955,0.997200,60.000000,3.857337,1.012300,60.000000,2.950924,1.049630,60.000000,5.093842,1.063500,60.000000,7.495099,1.027800,60.000000,2.312208,1.026500,60.000000,7.089511,1.030000,60.000000,-8.796257,1.000000,1.000000,1.000000,1.000000,1.000000,1.000000,1.000000,1.000000,-42.642226,0.000000,5.266508,11.685834,3.989094,13.039518,20.310015,-38.263628,288.383297,447.800150,209.391350,467.503357,6.717002,286.592096,294.652499,141.504847,562.436988,245.394482,221.661074,276.382253,200.614467,124.488442,251.663684,184.493662,253.902685,8.239523,988.742731,2.149441,164.790455,75.230425,157.625653,78.812826,137.026846,28.927890,26.868009,92.246831,102.994034,75.767785,-82.574348,42.272334,15.225205,67.617823,24.718568,24.091648,4.119761,223.900075
0.920000,1.049431,60.000000,-7.361122,1.053541,60.000000,-4.984819,1.038509,60.000000,-7.513561,1.014809,60.000000,-8.418431,1.015250,60.000000,-7.559474,1.017135,60.000000,-6.980149,1.007760,60.000000,-8.887101,1.006832,60.000000,-9.316986,1.032682,60.000000,-9.046517,1.025403,60.000000,-4.748821,1.021568,60.000000,-5.507734,1.011373,60.000000,-5.469254,1.023325,60.000000,-5.338341,1.021904,60.000000,-6.704352,1.026077,60.000000,-6.755404,1.040657,60.000000,-5.385268,1.042630,60.000000,-6.367045,1.039992,60.000000,-7.181192,1.054456,60.000000,-0.802378,0.995187,60.000000,-1.680508,1.040364,60.000000,-3.260966,1.055231,60.000000,0.675524,1.050688,60.000000,0.501145,1.045590,60.000000,-5.279291,1.061415,60.000000,-3.746059,1.059794,60.000000,-4.791923,1.047051,60.000000,-6.532845,1.056666,60.000000,-1.672815,1.054939,60.000000,0.781358,1.047500,60.000000,-2.827688,0.982000,60.000000,0.000000,0.983100,60.000000,2.349955,0.997200,60.000000,3.857337,1.012300,60.000000,2.950924,1.049630,60.000000,5.093842,1.063500,60.000000,7.495099,1.027800,60.000000,2.312208,1.026500,60.000000,7.089511,1.030000,60.000000,-8.796257,1.000000,1.000000,1.000000,1.000000,1.000000,1.000000,1.000000,1.000000,-42.642226,0.000000,5.266508,11.685834,3.989094,13.039518,20.310015,-38.263628,288.383297,447.800150,209.391350,467.503357,6.717002,286.592096,294.652499,141.504847,562.436988,245.394482,221.661074,276.382253,200.614467,124.488442,251.663684,184.493662,253.902685,8.239523,988.742731,2.149441,164.790455,75.230425,157.625653,78.812826,137.026846,28.927890,26.868009,92.246831,102.994034,75.767785,-82.574348,42.272334,15.225205,67.617823,24.718568,24.091648,4.119761,223.900075
0.940000,1.049431,60.000000,-7.361122,1.053541,60.000000,-4.984819,1.038509,60.000000,-7.513561,1.014809,60.000000,-8.418431,1.015250,60.000000,-7.559474,1.017135,60.000000,-6.980149,1.007760,60.000000,-8.887101,1.006832,60.000000,-9.316986,1.032682,60.000000,-9.046517,1.025403,60.000000,-4.748821,1.021568,60.000000,-5.507734,1.011373,60.000000,-5.469254,1.023325,60.000000,-5.338341,1.021904,60.000000,-6.704352,1.026077,60.000000,-6.755404,1.040657,60.000000,-5.385268,1.042630,60.000000,-6.367045,1.039992,60.000000,-7.181192,1.054456,60.000000,-0.802378,0.995187,60.000000,-1.680508,1.040364,60.000000,-3.260966,1.055231,60.000000,0.675524,1.050688,60.000000,0.501145,1.045590,60.000000,-5.279291,1.061415,60.000000,-3.746059,1.059794,60.000000,-4.791923,1.047051,60.000000,-6.532845,1.056666,60.000000,-1.672815,1.054939,60.000000,0.781358,1.047500,60.000000,-2.827688,0.982000,60.000000,0.000000,0.983100,60.000000,2.349955,0.997200,60.000000,3.857337,1.012300,60.000000,2.950924,1.049630,60.000000,5.093842,1.063500,60.000000,7.495099,1.027800,60.000000,2.312208,1.026500,60.000000,7.089511,1.030000,60.000000,-8.796257,1.000000,1.000000,1.000000,1.000000,1.000000,1.000000,1.000000,1.000000,-42.642226,0.000000,5.266508,11.685834,3.989094,13.039518,20.310015,-38.263628,288.383297,447.800150,209.391350,467.503357,6.717002,286.592096,294.652499,141.504847,562.436988,245.394482,221.661074,276.382253,200.614467,124.488442,251.663684,184.493662,253.902685,8.239523,988.742731,2.149441,164.790455,75.230425,157.625653,78.812826,137.026846,28.927890,26.868009,92.246831,102.994034,75.767785,-82.574348,42.272334,15.225205,67.617823,24.718568,24.091648,4.119761,223.900075
0.960000,1.049431,60.000000,-7.361122,1.053541,60.000000,-4.984819,1.038509,60.000000,-7.513561,1.014809,60.000000,-8.418431,1.015250,60.000000,-7.559474,1.017135,60.000000,-6.980149,1.007760,60.000000,-8.887101,1.006832,60.000000,-9.316986,1.032682,60.000000,-9.046517,1.025403,60.000000,-4.748821,1.021568,60.000000,-5.507734,1.011373,60.000000,-5.469254,1.023325,60.000000,-5.338341,1.021904,60.000000,-6.704352,1.026077,60.000000,-6.755404,1.040657,60.000000,-5.385268,1.042630,60.000000,-6.367045,1.039992,60.000000,-7.181192,1.054456,60.000000,-0.802378,0.995187,60.000000,-1.680508,1.040364,60.000000,-3.260966,1.055231,60.000000,0.675524,1.050688,60.000000,0.501145,1.045590,60.000000,-5.279291,1.061415,60.000000,-3.746059,1.059794,60.000000,-4.791923,1.047051,60.000000,-6.532845,1.056666,60.000000,-1.672815,1.054939,60.000000,0.781358,1.047500,60.000000,-2.827688,0.982000,60.000000,0.000000,0.983100,60.000000,2.349955,0.997200,60.000000,3.857337,1.012300,60.000000,2.950924,1.049630,60.000000,5.093842,1.063500,60.000000,7.495099,1.027800,60.000000,2.312208,1.026500,60.000000,7.089511,1.030000,60.000000,-8.796257,1.000000,1.000000,1.000000,1.000000,1.000000,1.000000,1.000000,1.000000,-42.642226,0.000000,5.266508,11.685834,3.989094,13.039518,20.310015,-38.263628,288.383297,447.800150,209.391350,467.503357,6.717002,286.592096,294.652499,141.504847,562.436988,245.394482,221.661074,276.382253,200.614467,124.488442,251.663684,184.493662,253.902685,8.239523,988.742731,2.149441,164.790455,75.230425,157.625653,78.812826,137.026846,28.927890,26.868009,92.246831,102.994034,75.767785,-82.574348,42.272334,15.225205,67.617823,24.718568,24.091648,4.119761,223.900075
0.980000,1.049431,60.000000,-7.361122,1.053541,60.000000,-4.984819,1.038509,60.000000,-7.513561,1.014809,60.000000,-8.418431,1.015250,60.000000,-7.559474,1.017135,60.000000,-6.980149,1.007760,60.000000,-8.887101,1.006832,60.000000,-9.316986,1.032682,60.000000,-9.046517,1.025403,60.000000,-4.748821,1.021568,60.000000,-5.507734,1.011373,60.000000,-5.469254,1.023325,60.000000,-5.338341,1.021904,60.000000,-6.704352,1.026077,60.000000,-6.755404,1.040657,60.000000,-5.385268,1.042630,60.000000,-6.367045,1.039992,60.000000,-7.181192,1.054456,60.000000,-0.802378,0.995187,60.000000,-1.680508,1.040364,60.000000,-3.260966,1.055231,60.000000,0.675524,1.050688,60.000000,0.501145,1.045590,60.000000,-5.279291,1.061415,60.000000,-3.746059,1.059794,60.000000,-4.791923,1.047051,60.000000,-6.532845,1.056666,60.000000,-1.672815,1.054939,60.000000,0.781358,1.047500,60.000000,-2.827688,0.982000,60.000000,0.000000,0.983100,60.000000,2.349955,0.997200,60.000000,3.857337,1.012300,60.000000,2.950924,1.049630,60.000000,5.093842,1.063500,60.000000,7.495099,1.027800,60.000000,2.312208,1.026500,60.000000,7.089511,1.030000,60.000000,-8.796257,1.000000,1.000000,1.000000,1.000000,1.000000,1.000000,1.000000,1.000000,-42.642226,0.000000,5.266508,11.685834,3.989094,13.039518,20.310015,-38.263628,288.383297,447.800150,209.391350,467.503357,6.717002,286.592096,294.652499,141.504847,562.436988,245.394482,221.661074,276.382253,200.614467,124.488442,251.663684,184.493662,253.902685,8.239523,988.742731,2.149441,164.790455,75.230425,157.625653,78.812826,137.026846,28.927890,26.868009,92.246831,102.994034,75.767785,-82.574348,42.272334,15.225205,67.617823,24.718568,24.091648,4.119761,223.900075
1.000000,1.049431,60.000000,-7.361122,1.053541,60.000000,-4.984819,1.038509,60.000000,-7.513561,1.014809,60.000000,-8.418431,1.015250,60.000000,-7.559474,1.017135,60.000000,-6.980149,1.007760,60.000000,-8.887101,1.006832,60.000000,-9.316986,1.032682,60.000000,-9.046517,1.025403,60.000000,-4.748821,1.021568,60.000000,-5.507734,1.011373,60.000000,-5.469254,1.023325,60.000000,-5.338341,1.021904,60.000000,-6.704352,1.026077,60.000000,-6.755404,1.040657,60.000000,-5.385268,1.042630,60.000000,-6.367045,1.039992,60.000000,-7.181192,1.054456,60.000000,-0.802378,0.995187,60.000000,-1.680508,1.040364,60.000000,-3.260966,1.055231,60.000000,0.675524,1.050688,60.000000,0.501145,1.045590,60.000000,-5.279291,1.061415,60.000000,-3.746059,1.059794,60.000000,-4.791923,1.047051,60.000000,-6.532845,1.056666,60.000000,-1.672815,1.054939,60.000000,0.781358,1.047500,60.000000,-2.827688,0.982000,60.000000,0.000000,0.983100,60.000000,2.349955,0.997200,60.000000,3.857337,1.012300,60.000000,2.950924,1.049630,60.000000,5.093842,1.063500,60.000000,7.495099,1.027800,60.000000,2.312208,1.026500,60.000000,7.089511,1.030000,60.000000,-8.796257,1.000000,1.000000,1.000000,1.000000,1.000000,1.000000,1.000000,1.000000,-42.642226,0.000000,5.266508,11.685834,3.989094,13.039518,20.310015,-38.263628,288.383297,447.800150,209.391350,467.503357,6.717002,286.592096,294.652499,141.504847,562.436988,245.394482,221.661074,276.382253,200.614467,124.488442,251.663684,184.493662,253.902685,8.239523,988.742731,2.149441,164.790455,75.230425,157.625653,78.812826,137.026846,28.927890,26.868009,92.246831,102.994034,75.767785,-82.574348,42.272334,15.225205,67.617823,24.718568,24.091648,4.119761,223.900075
1.020000,0.893621,59.973013,-9.610715,0.773342,59.953830,-9.291387,0.612692,59.924259,-15.635266,0.363656,60.024889,-16.288075,0.208441,60.209380,-6.889440,0.202740,60.301902,-2.823235,0.000000,60.191949,-92.912018,0.104345,60.100255,-11.598981,0.612833,59.993025,-10.160416,0.348939,60.255738,-2.051911,0.299501,60.263626,-2.318248,0.314342,60.218837,-4.144465,0.359659,60.182210,-5.403592,0.400011,60.033723,-12.573781,0.556652,59.861951,-18.472736,0.646778,59.836611,-16.783345,0.650978,59.858234,-17.116795,0.633971,59.876531,-17.491534,0.748670,59.943557,-5.819391,0.739481,59.920605,-7.380831,0.677952,59.795673,-15.324325,0.733905,59.777669,-10.286967,0.727062,59.738134,-11.986280,0.663242,59.809825,-17.765777,0.787070,59.972921,-8.554169,0.744008,59.894764,-12.980820,0.691667,59.862254,-16.945553,0.789595,59.894450,-8.614222,0.808470,59.916593,-4.825636,0.881628,59.967618,-4.743882,0.425822,60.929561,17.814703,0.525369,60.483957,12.125243,0.758445,60.040212,3.241220,0.813641,59.991409,0.398996,0.786318,59.810849,-3.047792,0.788476,59.613587,-6.681243,0.828328,60.059039,1.160662,0.835387,59.970597,4.402184,0.950447,59.984646,-9.531382,0.999962,1.001163,1.001058,0.999959,0.999958,1.000088,1.000158,0.999829,-42.904871,0.000000,5.242706,11.435153,3.727253,12.807655,20.091238,-38.555140,256.765520,185.060912,0.000000,15.906683,2.074106,233.556073,273.035250,129.315208,555.999726,233.971533,217.975945,260.228728,200.509654,123.268797,242.433956,184.431239,253.902685,4.634493,988.742731,1.913780,68.102416,0.000000,5.363173,24.336178,111.668997,26.805588,24.553520,91.191038,98.199731,74.508141,-77.748181,42.250249,15.076040,65.137949,24.710205,24.091648,2.317247,223.900075
1.040000,0.882507,59.978321,-9.973550,0.757790,59.966186,-9.783944,0.597562,59.947698,-16.323178,0.351279,59.996873,-16.526793,0.199593,60.079750,-6.307335,0.193461,60.121664,-1.832686,0.000000,60.071654,-92.390661,0.101500,60.031840,-11.454637,0.606702,59.988595,-10.418497,0.333677,60.133575,-1.084886,0.286270,60.129350,-1.359652,0.300721,60.108189,-3.393199,0.344386,60.090846,-4.822140,0.385168,60.006052,-12.763134,0.540566,59.915545,-19.533798,0.630319,59.902257,-17.977263,0.634247,59.913345,-18.171641,0.617791,59.922725,-18.441125,0.726502,59.948511,-6.478423,0.716354,59.939331,-8.116512,0.664200,59.883947,-16.758485,0.722953,59.875089,-11.863746,0.716125,59.867022,-13.727548,0.647673,59.891156,-19.097812,0.768976,59.979830,-8.936033,0.724739,59.934320,-13.794613,0.673321,59.915350,-17.951172,0.769084,59.935496,-9.408609,0.787977,59.950312,-5.489948,0.869031,59.973798,-5.144817,0.403798,60.341125,21.223758,0.503449,60.292040,14.435272,0.736909,59.989869,3.028261,0.789039,59.986624,0.086476,0.778499,59.873020,-4.565372,0.780984,59.840623,-9.018755,0.806972,60.034261,1.260360,0.816086,59.987665,4.061048,0.942173,59.985339,-9.820246,0.999926,1.002293,1.002096,0.999834,0.999922,1.000150,1.000324,0.999673,-43.675729,0.000000,5.177318,10.642885,2.953918,12.112313,19.447705,-39.409773,251.451162,172.678226,0.000000,15.050915,1.898253,226.312748,268.141528,126.823739,550.139671,231.252471,216.787934,256.341577,200.011058,122.284910,239.043055,183.942587,253.787994,4.197632,988.742731,1.874170,63.545587,0.000000,5.074638,22.272838,108.205782,26.325141,24.080457,90.229914,97.058519,74.102057,-76.586822,42.145187,14.955708,64.226871,24.644735,24.080766,2.098816,223.900075
